Age,Department,DistanceFromHome,EmployeeNumber,EnvironmentSatisfaction,Gender,JobInvolvement,JobLevel,JobSatisfaction,MaritalStatus,MonthlyIncome,OverTime,PerformanceRating,TotalWorkingYears,WorkLifeBalance,YearsAtCompany,YearsInCurrentRole,YearsSinceLastPromotion,Attrition
44.28,Sales,1.4,1,2,Female,3,2,4,Single,7,Yes,3,8,1,6,4,0.0,1
52.92,Other,11.2,2,3,Male,2,2,2,Married,6,No,4,10,3,10,7,1.5,0
39.96,Other,2.8,4,4,Male,2,1,3,Single,1,Yes,3,7,3,0,0,0.0,1
35.64,Other,4.2,5,4,Female,3,1,3,Married,3,Yes,3,8,3,8,7,4.5,0
29.16,Other,2.8,7,1,Male,3,1,2,Married,4,No,3,6,3,2,2,3.0,0
34.56,Other,2.8,8,4,Male,3,1,4,Single,3,No,3,8,2,7,7,4.5,0
63.72,Other,4.2,10,3,Female,4,1,1,Married,2,Yes,4,12,2,1,0,0.0,0
32.4,Other,33.6,11,4,Male,3,1,3,Divorced,2,No,4,1,3,1,0,0.0,0
41.04,Other,32.2,12,4,Male,2,3,3,Single,8,No,4,10,3,9,7,1.5,0
38.88,Other,37.8,13,3,Male,3,2,3,Married,6,No,3,17,2,7,7,10.5,0
37.8,Other,22.4,14,1,Male,4,1,2,Married,2,No,3,6,3,5,4,0.0,0
31.32,Other,21.0,15,4,Female,2,2,3,Single,4,Yes,3,10,3,9,5,0.0,0
33.48,Other,36.4,16,1,Male,3,1,3,Divorced,3,No,3,5,2,5,2,6.0,0
36.72,Other,26.6,18,2,Male,3,1,4,Divorced,2,No,3,3,3,2,2,1.5,0
30.24,Other,33.6,19,3,Male,2,1,3,Single,1,Yes,3,6,3,4,2,0.0,1
31.32,Other,29.4,20,2,Female,4,3,1,Divorced,9,No,3,10,3,10,9,12.0,0
34.56,Other,7.0,21,1,Male,4,1,2,Divorced,3,Yes,3,7,2,6,2,0.0,0
23.76,Other,22.4,22,4,Male,4,1,4,Divorced,3,Yes,3,1,2,1,0,0.0,0
57.24,Sales,2.8,23,1,Female,2,4,4,Married,10,No,3,31,3,25,8,4.5,0
41.04,Other,2.8,24,4,Male,3,1,4,Single,4,Yes,3,6,3,3,2,1.5,0
25.92,Other,15.4,26,1,Female,4,2,3,Divorced,4,No,3,5,2,4,2,1.5,0
38.88,Sales,12.6,27,3,Male,2,1,1,Single,4,No,4,10,3,5,3,0.0,1
36.72,Other,9.8,28,1,Female,3,3,2,Single,9,No,3,13,3,12,6,3.0,0
22.68,Other,21.0,30,3,Male,3,1,4,Single,1,No,3,0,3,0,0,0.0,0
36.72,Other,8.4,31,2,Male,3,1,1,Single,3,No,3,8,3,4,2,1.5,1
57.24,Other,7.0,32,3,Female,3,5,3,Divorced,10,No,3,26,2,14,13,6.0,0
34.56,Other,22.4,33,2,Female,1,1,1,Single,4,Yes,4,10,3,10,2,9.0,1
45.36,Sales,11.2,35,3,Male,3,2,2,Married,7,No,3,10,3,9,7,6.0,0
47.52,Other,9.8,36,1,Female,2,3,4,Married,9,No,3,24,3,22,6,7.5,0
49.68,Sales,2.8,38,2,Female,3,5,1,Single,10,No,3,22,2,2,2,3.0,0
35.64,Other,2.8,39,3,Male,3,1,4,Single,2,No,3,7,3,1,1,0.0,0
47.52,Other,14.0,40,4,Male,3,2,4,Married,7,Yes,3,9,4,4,2,1.5,0
32.4,Other,12.6,41,4,Male,2,1,3,Single,1,No,3,10,3,10,0,1.5,0
42.12,Sales,7.0,42,4,Male,3,2,4,Married,1,No,3,19,4,1,0,0.0,1
25.92,Other,1.4,45,2,Male,3,1,4,Married,1,Yes,3,6,2,2,0,3.0,1
46.44,Other,2.8,46,4,Female,4,1,3,Divorced,2,No,3,6,2,5,3,1.5,0
54.0,Sales,4.2,47,1,Male,2,1,3,Married,2,Yes,3,3,3,3,2,0.0,1
37.8,Sales,2.8,49,4,Female,3,1,4,Married,1,No,3,2,3,2,2,3.0,0
38.88,Other,7.0,51,2,Female,2,1,1,Married,4,Yes,3,6,4,1,1,0.0,0
35.64,Sales,1.4,52,3,Female,4,2,1,Married,6,No,3,10,3,5,3,1.5,0
37.8,Other,5.6,53,3,Male,3,1,4,Divorced,1,No,3,1,3,1,0,0.0,0
29.16,Other,2.8,54,4,Female,3,1,1,Divorced,2,No,3,1,3,1,0,0.0,0
28.08,Other,35.0,55,1,Male,1,1,3,Single,1,No,3,1,2,1,0,0.0,1
29.16,Sales,11.2,56,4,Male,3,3,3,Single,8,No,3,9,3,9,8,1.5,0
32.4,Other,1.4,57,3,Female,3,2,4,Single,4,No,4,12,3,12,8,4.5,0
44.28,Other,16.8,58,2,Female,3,5,3,Married,10,No,3,23,3,22,15,22.5,1
36.72,Sales,32.2,60,2,Male,3,2,3,Single,5,No,4,10,3,9,5,12.0,0
39.96,Other,26.6,61,2,Male,3,1,2,Married,3,No,4,8,3,1,0,0.0,0
49.68,Sales,7.0,62,1,Male,3,2,4,Single,7,Yes,4,14,3,9,6,0.0,0
37.8,Other,11.2,63,4,Male,4,1,4,Married,1,No,3,1,3,1,0,0.0,0
51.84,Other,1.4,64,1,Male,2,3,3,Single,6,Yes,3,23,3,1,0,0.0,1
30.24,Other,7.0,65,3,Male,3,1,3,Single,4,Yes,3,2,2,2,2,3.0,1
47.52,Sales,1.4,68,2,Female,3,2,1,Divorced,6,Yes,4,9,2,4,3,1.5,0
37.8,Other,15.4,70,3,Male,2,3,1,Married,9,Yes,3,10,3,4,0,3.0,0
28.08,Sales,32.2,72,3,Female,2,2,4,Married,4,Yes,3,5,2,2,2,0.0,0
35.64,Other,1.4,73,1,Female,3,3,4,Single,9,Yes,3,15,3,15,14,12.0,0
37.8,Sales,25.2,74,2,Male,3,3,1,Married,8,No,4,9,2,9,8,1.5,0
37.8,Other,32.2,75,3,Female,3,1,1,Married,4,Yes,3,4,3,2,2,3.0,0
33.48,Other,9.8,76,4,Male,3,2,4,Divorced,7,No,4,10,2,7,7,1.5,0
39.96,Other,1.4,77,1,Male,2,2,3,Divorced,7,No,3,7,4,7,5,0.0,0
34.56,Other,1.4,78,1,Male,3,2,4,Married,7,Yes,4,9,3,9,8,10.5,0
41.04,Other,40.6,79,4,Female,3,2,4,Single,2,No,3,10,3,10,3,13.5,0
54.0,Other,9.8,80,2,Female,2,5,3,Divorced,10,Yes,3,29,2,27,3,19.5,0
63.72,Sales,35.0,81,1,Female,3,3,1,Single,8,No,3,28,2,21,16,10.5,0
38.88,Other,11.2,83,3,Female,3,3,3,Divorced,9,No,3,17,3,17,14,18.0,0
59.4,Other,11.2,84,4,Female,3,4,3,Divorced,10,Yes,3,21,3,5,0,0.0,0
38.88,Other,15.4,85,2,Male,2,2,2,Single,7,No,3,6,3,6,5,0.0,0
48.6,Other,9.8,86,2,Male,3,3,1,Divorced,8,No,3,25,3,1,0,0.0,0
37.8,Other,1.4,88,2,Male,3,1,1,Married,1,No,3,5,2,3,2,1.5,0
38.88,Other,12.6,90,4,Male,2,1,3,Married,4,Yes,3,2,2,1,0,0.0,1
63.72,Sales,1.4,91,1,Female,2,2,3,Single,6,No,3,20,2,4,3,1.5,0
31.32,Other,2.8,94,3,Male,3,1,2,Married,3,No,4,6,3,5,4,0.0,0
33.48,Other,1.4,95,3,Male,3,1,2,Single,2,No,3,1,3,1,1,1.5,0
34.56,Other,1.4,96,2,Male,3,2,2,Married,7,No,3,10,3,10,4,0.0,0
38.88,Other,8.4,97,2,Female,4,1,4,Married,3,No,3,5,3,1,0,0.0,0
33.48,Other,11.2,98,3,Female,3,2,4,Single,5,No,4,11,3,11,7,1.5,0
37.8,Sales,1.4,100,3,Male,2,2,1,Single,5,No,3,16,3,15,13,3.0,0
48.6,Other,8.4,101,4,Male,3,3,1,Married,9,Yes,3,17,4,0,0,0.0,0
39.96,Other,9.8,102,1,Male,3,3,3,Single,9,No,3,16,4,5,2,0.0,0
49.68,Human Resources,7.0,103,2,Male,3,2,2,Divorced,6,Yes,4,16,3,4,2,0.0,0
32.4,Other,1.4,104,4,Male,2,2,4,Married,6,Yes,3,10,2,10,8,4.5,0
37.8,Other,1.4,105,2,Male,2,1,3,Single,3,No,3,6,3,6,4,0.0,0
59.4,Sales,1.4,106,1,Male,3,3,4,Married,9,No,3,24,3,1,0,1.5,0
41.04,Other,8.4,107,2,Female,1,2,4,Divorced,6,Yes,3,17,3,13,11,1.5,0
36.72,Other,1.4,110,1,Male,3,2,2,Married,5,No,3,5,3,5,2,1.5,0
60.48,Other,9.8,112,4,Male,1,3,4,Single,8,No,3,37,2,6,4,0.0,0
24.84,Sales,2.8,113,3,Male,3,1,1,Divorced,2,No,3,3,3,0,0,0.0,0
55.08,Other,12.6,116,4,Male,3,1,4,Married,1,No,4,10,3,4,2,0.0,0
32.4,Other,2.8,117,3,Male,2,2,4,Married,4,No,3,11,3,11,10,15.0,0
49.68,Sales,12.6,118,3,Male,2,3,4,Single,8,No,3,9,3,9,8,6.0,1
43.2,Other,1.4,119,3,Male,2,4,2,Married,9,No,4,22,2,22,3,16.5,0
55.08,Sales,29.4,120,3,Male,3,2,4,Single,6,Yes,4,11,1,10,7,1.5,0
32.4,Sales,5.6,121,3,Female,2,2,2,Divorced,6,Yes,3,11,2,11,8,3.0,0
49.68,Other,1.4,124,3,Male,2,3,1,Married,9,Yes,3,21,2,10,9,13.5,0
34.56,Sales,8.4,125,2,Male,3,2,3,Single,6,No,3,12,3,11,8,7.5,0
58.32,Other,2.8,126,1,Female,3,3,3,Married,9,No,3,16,1,4,3,0.0,0
25.92,Sales,4.2,128,1,Female,3,2,3,Married,6,No,4,4,2,3,2,0.0,0
30.24,Sales,5.6,129,2,Male,3,2,3,Married,4,No,3,5,4,5,4,0.0,0
62.64,Sales,14.0,131,4,Male,3,4,3,Single,10,No,3,38,2,37,10,1.5,0
47.52,Other,32.2,132,2,Male,3,2,2,Married,1,No,3,17,4,3,2,1.5,0
39.96,Human Resources,8.4,133,3,Male,3,1,1,Divorced,1,Yes,4,7,3,3,2,0.0,1
34.56,Other,1.4,134,4,Male,3,1,1,Single,3,No,3,1,3,1,0,0.0,0
21.6,Other,8.4,137,4,Female,2,1,4,Single,3,Yes,3,1,3,1,0,1.5,1
36.72,Other,8.4,138,1,Female,3,2,3,Single,5,No,3,16,3,16,13,3.0,0
39.96,Other,2.8,139,3,Male,2,2,4,Divorced,6,No,3,17,4,1,0,0.0,0
63.72,Human Resources,2.8,140,3,Female,2,5,4,Married,10,No,4,30,3,3,2,3.0,0
54.0,Other,1.4,141,1,Female,3,5,2,Married,10,Yes,3,28,2,8,3,0.0,0
27.0,Sales,7.0,142,3,Male,2,2,3,Single,7,Yes,3,6,3,6,4,0.0,1
27.0,Other,9.8,143,4,Male,2,1,4,Married,3,No,3,2,3,2,2,3.0,0
23.76,Other,21.0,144,2,Female,3,1,4,Single,3,No,3,1,3,0,0,0.0,0
55.08,Other,1.4,145,1,Female,2,3,1,Single,8,No,4,23,2,13,12,18.0,0
36.72,Other,9.8,147,1,Male,1,2,3,Single,7,Yes,4,9,3,9,7,0.0,1
58.32,Human Resources,36.4,148,4,Female,4,4,4,Single,10,Yes,3,23,3,5,3,6.0,0
25.92,Other,25.2,150,2,Male,3,1,3,Married,3,No,3,6,3,5,3,1.5,0
36.72,Other,8.4,151,3,Female,2,2,2,Divorced,5,No,3,12,3,1,0,0.0,0
39.96,Sales,4.2,152,3,Male,3,3,4,Single,8,No,3,12,3,5,3,1.5,0
36.72,Other,7.0,153,3,Female,2,3,1,Single,9,No,3,14,3,11,10,7.5,0
38.88,Sales,15.4,154,2,Female,3,3,4,Married,8,No,3,10,3,9,7,3.0,0
38.88,Other,4.2,155,1,Female,3,1,4,Divorced,3,No,4,7,3,1,0,0.0,0
46.44,Sales,36.4,158,3,Male,3,4,4,Married,10,Yes,3,25,4,25,12,6.0,0
32.4,Other,32.2,159,1,Male,1,1,3,Divorced,2,No,4,10,2,10,7,0.0,0
35.64,Sales,30.8,160,3,Male,3,2,2,Married,7,No,3,8,4,7,7,0.0,0
60.48,Other,19.6,161,2,Female,3,1,2,Married,6,Yes,3,7,3,5,4,6.0,1
55.08,Other,8.4,162,1,Male,3,5,3,Single,10,No,3,23,3,20,18,22.5,0
33.48,Sales,8.4,163,2,Male,1,2,3,Married,7,Yes,3,12,2,7,7,10.5,1
28.08,Other,8.4,164,3,Female,2,1,2,Married,2,No,3,5,2,5,4,6.0,0
62.64,Other,32.2,165,4,Female,3,3,4,Married,9,No,3,40,2,40,10,22.5,1
20.52,Sales,30.8,167,4,Male,3,1,3,Single,1,Yes,3,0,2,0,0,0.0,1
23.76,Other,2.8,169,3,Male,3,1,4,Married,2,No,3,3,3,2,1,3.0,0
52.92,Other,28.0,170,3,Female,3,2,1,Married,7,No,3,16,2,15,11,7.5,0
46.44,Other,39.2,171,2,Female,4,1,3,Single,5,No,3,18,3,3,2,1.5,0
54.0,Sales,16.8,174,3,Female,3,3,4,Single,8,No,3,16,3,2,2,3.0,0
33.48,Sales,28.0,175,2,Female,1,2,3,Married,5,Yes,3,4,3,2,2,3.0,1
44.28,Sales,12.6,176,3,Male,3,3,3,Divorced,8,Yes,3,12,3,9,7,0.0,0
28.08,Human Resources,35.0,177,3,Female,3,1,3,Married,3,No,4,8,3,8,7,7.5,0
38.88,Other,8.4,178,2,Male,3,2,2,Divorced,6,No,4,7,3,3,2,0.0,0
55.08,Other,11.2,179,1,Male,1,3,4,Single,9,No,3,18,3,4,2,0.0,1
42.12,Sales,5.6,182,4,Female,2,2,3,Married,7,No,3,17,4,15,11,7.5,0
27.0,Sales,39.2,183,1,Male,2,2,3,Married,8,No,3,6,3,2,2,3.0,0
32.4,Human Resources,12.6,184,3,Male,3,2,4,Married,7,Yes,3,12,1,11,9,6.0,0
34.56,Other,12.6,190,1,Female,3,1,1,Single,4,No,4,10,4,5,4,0.0,1
48.6,Other,40.6,192,3,Male,3,1,4,Single,4,No,3,9,2,6,5,0.0,0
41.04,Other,4.2,193,4,Female,3,2,3,Single,5,Yes,4,19,3,3,2,3.0,0
32.4,Other,25.2,194,1,Female,3,1,3,Single,2,No,3,5,2,5,4,0.0,0
34.56,Sales,12.6,195,4,Male,1,2,4,Divorced,5,No,3,9,4,8,7,0.0,0
32.4,Other,7.0,197,4,Female,3,1,1,Divorced,3,No,3,8,3,3,2,3.0,0
32.4,Other,2.8,198,2,Male,2,1,4,Single,3,No,3,6,3,5,3,1.5,0
44.28,Other,14.0,199,4,Male,2,4,1,Divorced,10,No,3,21,2,7,6,10.5,0
44.28,Other,12.6,200,3,Male,3,1,1,Married,1,No,4,7,3,5,0,1.5,0
20.52,Other,4.2,201,2,Female,3,1,2,Single,1,No,3,1,3,1,0,0.0,0
43.2,Other,36.4,202,2,Female,3,2,2,Divorced,6,No,3,20,3,20,7,3.0,0
37.8,Sales,1.4,204,3,Male,3,3,2,Married,8,No,3,10,3,10,8,0.0,0
57.24,Sales,8.4,205,2,Male,3,2,3,Married,1,Yes,4,13,1,7,7,6.0,0
48.6,Other,12.6,206,2,Male,3,2,2,Divorced,2,No,3,20,1,17,9,0.0,0
34.56,Sales,11.2,207,2,Female,3,3,4,Single,8,No,3,9,3,9,8,4.5,0
31.32,Other,1.4,208,4,Male,3,2,3,Married,5,No,3,10,3,10,7,0.0,0
55.08,Other,9.8,211,2,Male,2,2,3,Married,7,No,3,10,3,1,0,0.0,0
62.64,Other,12.6,214,2,Female,2,1,2,Married,4,Yes,4,9,2,1,0,0.0,0
43.2,Sales,5.6,215,3,Male,2,3,4,Married,9,No,3,15,2,12,11,3.0,0
36.72,Sales,2.8,216,3,Female,3,1,3,Married,1,No,3,6,3,4,3,1.5,0
23.76,Other,26.6,217,3,Male,3,1,4,Married,2,No,4,2,3,2,2,3.0,0
29.16,Other,12.6,218,4,Male,3,1,2,Divorced,1,No,3,6,1,2,2,3.0,0
30.24,Other,29.4,221,3,Male,3,1,4,Married,3,No,3,5,1,5,2,0.0,0
61.56,Other,33.6,223,3,Male,4,3,4,Divorced,8,Yes,3,12,1,5,3,1.5,0
29.16,Other,4.2,224,3,Male,2,1,3,Divorced,2,Yes,3,1,2,1,1,0.0,0
54.0,Other,15.4,226,3,Female,3,5,2,Single,10,No,3,21,3,5,4,6.0,0
44.28,Other,19.6,227,1,Male,3,1,3,Divorced,2,No,3,13,3,9,8,1.5,0
32.4,Sales,7.0,228,2,Female,3,3,4,Married,8,No,3,12,3,10,9,10.5,0
41.04,Sales,1.4,230,1,Female,2,2,4,Single,8,No,4,12,4,8,3,0.0,0
34.56,Other,8.4,231,3,Male,3,1,3,Single,3,No,4,8,3,5,4,1.5,0
29.16,Other,23.8,233,3,Male,3,1,2,Married,3,Yes,3,6,2,5,2,1.5,0
20.52,Sales,1.4,235,3,Female,1,1,1,Single,2,No,4,1,4,0,0,0.0,1
38.88,Other,4.2,238,4,Male,3,1,2,Single,1,No,3,13,2,8,7,10.5,0
32.4,Other,12.6,239,3,Male,3,2,1,Divorced,3,No,3,12,3,12,9,9.0,0
48.6,Sales,5.6,240,3,Female,3,2,1,Divorced,6,Yes,3,9,4,5,4,0.0,0
60.48,Other,11.2,241,3,Female,3,1,1,Divorced,5,Yes,3,19,3,2,2,3.0,0
35.64,Other,2.8,242,3,Male,3,1,4,Single,2,No,3,4,4,3,1,0.0,0
20.52,Other,2.8,243,2,Male,2,1,4,Single,1,No,4,1,2,1,0,1.5,1
49.68,Sales,1.4,244,2,Female,3,3,1,Divorced,9,No,4,24,3,24,13,22.5,0
41.04,Other,12.6,245,3,Female,3,1,4,Single,1,No,3,2,3,2,2,3.0,0
33.48,Other,16.8,246,3,Female,3,1,4,Married,4,Yes,4,7,3,4,2,0.0,0
36.72,Other,37.8,247,4,Female,3,1,2,Single,1,No,3,9,3,3,2,1.5,0
44.28,Sales,28.0,248,2,Female,3,1,2,Single,3,Yes,4,4,2,4,3,0.0,1
54.0,Other,1.4,249,3,Male,2,1,3,Married,4,No,3,5,2,3,2,0.0,0
57.24,Other,18.2,250,4,Female,4,2,1,Divorced,5,No,3,5,3,4,2,1.5,0
35.64,Other,19.6,252,4,Female,3,1,2,Married,3,No,3,8,3,8,7,1.5,0
43.2,Other,5.6,253,4,Female,3,5,3,Married,10,No,3,21,3,20,8,13.5,0
59.4,Other,19.6,254,3,Male,4,5,2,Single,10,No,3,36,3,24,15,3.0,0
36.72,Other,2.8,256,4,Male,2,2,3,Married,8,No,3,10,2,10,9,1.5,0
55.08,Other,4.2,258,4,Female,3,4,2,Single,9,No,3,21,3,7,7,1.5,0
56.16,Other,1.4,259,3,Male,2,5,3,Married,10,No,3,34,3,33,18,16.5,0
29.16,Other,12.6,260,4,Female,3,1,2,Single,1,No,3,7,2,7,7,0.0,0
37.8,Other,32.2,261,2,Male,2,2,3,Married,7,Yes,3,8,3,1,0,0.0,1
46.44,Other,9.8,262,4,Male,4,1,4,Divorced,1,No,3,7,4,5,4,3.0,0
48.6,Other,2.8,264,1,Male,2,4,4,Married,10,No,4,22,3,20,8,16.5,0
39.96,Other,29.4,267,2,Male,4,1,1,Married,4,Yes,3,8,2,8,7,1.5,0
37.8,Other,2.8,269,2,Female,3,2,2,Single,5,No,3,10,3,6,2,1.5,0
45.36,Other,29.4,270,3,Female,3,2,3,Divorced,6,No,3,11,3,5,3,0.0,0
41.04,Other,2.8,271,4,Male,3,2,3,Married,7,No,3,14,3,1,0,0.0,0
41.04,Other,40.6,273,4,Male,3,2,4,Married,7,No,3,9,1,7,7,1.5,0
29.16,Other,1.4,274,3,Male,2,2,1,Married,5,No,3,6,3,2,2,3.0,0
52.92,Other,25.2,275,4,Male,3,2,4,Divorced,7,Yes,3,7,3,7,7,1.5,0
36.72,Other,14.0,277,4,Male,3,1,3,Divorced,4,Yes,3,5,4,5,3,3.0,0
43.2,Other,26.6,281,3,Male,3,2,4,Married,3,Yes,3,15,4,7,2,4.5,0
41.04,Other,40.6,282,2,Male,3,2,1,Married,7,Yes,3,17,3,1,0,0.0,1
31.32,Sales,37.8,283,2,Female,3,3,4,Married,8,No,4,10,2,10,4,1.5,1
23.76,Other,7.0,284,4,Male,4,1,2,Divorced,2,Yes,3,4,2,4,2,3.0,0
38.88,Other,25.2,286,2,Female,3,1,4,Single,1,No,3,8,3,8,1,1.5,0
43.2,Other,12.6,287,4,Male,2,2,4,Married,5,No,3,5,1,3,2,0.0,0
49.68,Other,1.4,288,4,Male,3,3,1,Divorced,8,No,3,17,3,4,2,0.0,0
34.56,Sales,5.6,291,4,Male,1,3,4,Married,9,No,3,14,2,14,8,13.5,1
32.4,Other,1.4,292,3,Male,2,3,3,Single,8,No,4,12,3,11,8,7.5,0
29.16,Sales,28.0,293,4,Female,3,2,3,Single,9,No,3,7,3,7,7,0.0,0
55.08,Other,11.2,296,2,Male,2,3,2,Married,9,No,3,16,1,10,9,6.0,0
32.4,Other,4.2,297,4,Female,3,1,1,Single,2,Yes,3,8,3,5,2,0.0,1
44.28,Sales,8.4,298,4,Female,3,3,4,Single,9,Yes,3,16,3,1,0,0.0,0
32.4,Sales,36.4,299,3,Female,2,2,1,Single,7,No,3,9,2,6,3,0.0,1
31.32,Other,1.4,300,3,Male,3,1,3,Single,1,No,3,7,2,6,2,1.5,1
48.6,Sales,8.4,302,4,Female,2,3,4,Single,8,No,3,23,3,19,7,18.0,0
58.32,Sales,4.2,303,4,Female,3,2,1,Married,7,No,3,16,3,6,2,0.0,0
38.88,Other,7.0,304,4,Male,3,2,2,Single,7,No,3,16,4,13,11,4.5,0
35.64,Other,5.6,305,3,Female,2,1,2,Married,2,No,4,7,3,3,2,1.5,0
39.96,Other,15.4,306,2,Male,3,3,4,Divorced,9,Yes,3,10,3,10,8,0.0,0
41.04,Sales,4.2,307,1,Male,3,3,3,Divorced,9,No,3,17,2,16,10,7.5,0
33.48,Other,1.4,308,3,Male,1,2,3,Married,5,No,3,6,3,5,4,1.5,0
63.72,Other,4.2,309,3,Male,2,1,4,Married,1,No,3,7,3,1,0,0.0,0
39.96,Sales,5.6,311,1,Male,3,1,4,Divorced,3,No,3,13,3,9,8,7.5,0
31.32,Sales,1.4,312,2,Female,3,3,4,Married,8,No,3,11,3,11,10,6.0,0
37.8,Sales,1.4,314,3,Female,3,3,3,Single,8,No,3,10,4,10,7,0.0,0
31.32,Other,25.2,315,3,Male,2,1,4,Single,2,Yes,3,4,2,4,3,0.0,1
56.16,Other,2.8,316,3,Female,2,1,4,Single,3,No,3,6,2,2,2,3.0,0
45.36,Other,5.6,319,3,Male,3,5,4,Married,10,No,3,22,3,22,17,16.5,0
63.72,Human Resources,8.4,321,2,Male,3,1,3,Married,1,No,3,7,2,2,2,3.0,0
54.0,Sales,1.4,323,4,Female,3,5,4,Divorced,10,No,3,32,2,7,0,0.0,0
35.64,Other,19.6,325,3,Male,3,1,4,Married,2,Yes,3,8,1,5,4,0.0,1
46.44,Sales,22.4,327,4,Female,3,4,4,Married,10,Yes,4,22,3,17,13,1.5,0
35.64,Other,2.8,328,1,Female,3,1,1,Married,3,No,4,13,4,9,7,1.5,1
56.16,Sales,2.8,329,1,Male,2,5,3,Single,10,Yes,3,33,4,33,7,22.5,0
34.56,Sales,5.6,330,3,Female,3,1,2,Married,4,No,3,6,3,4,3,1.5,0
34.56,Other,1.4,331,4,Male,2,1,3,Single,4,Yes,3,4,1,3,2,1.5,1
42.12,Other,1.4,332,3,Female,3,1,3,Divorced,1,No,3,7,3,3,2,1.5,0
34.56,Sales,36.4,333,3,Male,3,2,4,Married,5,No,3,4,3,3,2,3.0,0
44.28,Other,26.6,334,3,Male,3,2,1,Divorced,3,No,3,17,2,1,0,0.0,0
43.2,Other,33.6,335,1,Male,3,2,4,Divorced,4,No,3,9,3,9,8,6.0,0
48.6,Other,1.4,336,3,Male,4,5,4,Married,10,No,3,25,3,24,0,1.5,0
33.48,Other,4.2,337,2,Male,3,3,3,Divorced,9,No,3,9,3,2,2,3.0,0
35.64,Other,7.0,338,3,Female,2,1,4,Married,3,No,3,2,2,2,2,0.0,0
36.72,Other,2.8,339,4,Male,2,2,1,Married,7,No,3,13,3,11,9,7.5,0
39.96,Other,1.4,340,3,Female,2,1,1,Married,4,No,3,17,2,3,1,0.0,0
48.6,Other,9.8,341,1,Male,4,2,3,Married,7,No,3,9,3,3,2,0.0,0
39.96,Other,14.0,342,1,Male,3,3,3,Divorced,9,No,3,17,3,1,0,0.0,1
42.12,Other,2.8,343,3,Female,3,3,3,Single,9,No,4,20,3,19,6,16.5,0
31.32,Other,21.0,346,3,Male,3,1,4,Single,2,No,3,6,3,6,5,1.5,0
45.36,Other,23.8,347,4,Female,4,2,1,Single,7,Yes,3,10,3,3,2,0.0,0
31.32,Sales,28.0,349,4,Male,3,2,4,Divorced,8,No,3,10,3,3,2,0.0,0
27.0,Other,1.4,350,1,Female,3,2,3,Married,5,No,3,5,3,4,2,1.5,0
45.36,Other,2.8,351,4,Female,2,1,1,Divorced,2,Yes,3,10,3,9,6,10.5,0
43.2,Other,2.8,352,1,Male,3,5,3,Divorced,10,No,3,22,3,21,7,4.5,0
55.08,Other,1.4,353,3,Male,3,1,4,Married,3,No,3,1,2,1,0,0.0,0
33.48,Other,40.6,355,3,Male,2,1,2,Single,4,No,3,6,4,5,4,1.5,1
34.56,Other,9.8,359,2,Male,4,1,2,Married,3,No,4,5,1,5,1,0.0,0
41.04,Sales,2.8,361,4,Male,2,2,4,Married,6,No,3,13,3,8,7,10.5,0
34.56,Other,2.8,362,4,Male,2,2,1,Single,1,No,3,9,3,6,2,0.0,0
49.68,Sales,2.8,363,3,Female,1,4,2,Married,10,Yes,3,28,2,7,7,10.5,0
30.24,Other,2.8,364,1,Male,3,1,3,Single,4,No,3,5,1,0,0,0.0,1
31.32,Sales,2.8,366,1,Male,2,2,2,Married,7,No,3,10,3,0,0,0.0,0
33.48,Other,32.2,367,2,Male,2,2,4,Married,6,No,4,10,3,9,0,10.5,0
27.0,Other,7.0,369,2,Male,4,2,1,Divorced,4,No,3,6,3,6,3,1.5,0
48.6,Other,28.0,372,3,Male,3,4,4,Married,9,Yes,3,21,3,20,7,6.0,0
38.88,Other,8.4,373,4,Male,3,1,4,Married,3,No,3,16,3,15,13,15.0,0
59.4,Other,1.4,374,4,Male,3,5,1,Single,10,Yes,3,37,3,36,10,6.0,0
50.76,Other,40.6,376,1,Male,3,3,2,Married,9,Yes,3,10,2,10,7,13.5,1
30.24,Other,12.6,377,4,Male,3,1,4,Married,1,No,4,5,2,5,2,0.0,0
39.96,Sales,8.4,378,3,Male,3,2,4,Married,7,No,3,7,4,5,4,0.0,0
22.68,Other,4.2,379,4,Male,2,1,3,Single,3,No,3,3,4,3,2,1.5,0
39.96,Other,1.4,380,1,Female,3,3,4,Divorced,9,Yes,3,15,3,5,2,0.0,0
37.8,Other,30.8,381,2,Female,4,3,2,Divorced,9,No,3,10,2,7,7,9.0,0
41.04,Sales,9.8,382,1,Female,4,2,1,Divorced,6,Yes,4,8,3,8,0,10.5,0
28.08,Other,1.4,384,3,Female,3,2,2,Divorced,7,No,4,6,1,6,5,1.5,0
54.0,Other,5.6,385,1,Male,3,5,2,Divorced,10,No,3,28,2,10,4,1.5,0
57.24,Other,4.2,386,3,Male,3,4,3,Married,10,Yes,3,21,2,5,3,1.5,0
45.36,Sales,1.4,387,2,Male,3,2,3,Married,5,No,4,20,3,20,16,16.5,0
31.32,Sales,2.8,388,2,Male,3,2,4,Single,5,No,3,10,2,10,7,0.0,0
59.4,Other,28.0,389,2,Male,3,2,4,Married,6,Yes,3,12,3,10,7,0.0,0
28.08,Other,15.4,390,1,Male,3,2,1,Married,5,Yes,3,5,3,5,3,4.5,0
39.96,Other,1.4,391,4,Female,3,1,4,Single,1,No,3,17,3,17,12,7.5,0
47.52,Other,33.6,392,4,Male,3,1,3,Divorced,3,Yes,4,19,1,1,0,0.0,1
41.04,Other,32.2,393,4,Male,3,2,4,Divorced,7,No,3,10,3,2,2,1.5,0
28.08,Other,22.4,394,1,Male,3,1,2,Divorced,2,Yes,3,5,3,3,2,0.0,1
30.24,Other,11.2,395,4,Female,3,1,4,Single,3,No,4,5,3,5,3,0.0,0
52.92,Other,14.0,396,3,Female,3,5,1,Single,10,Yes,3,22,3,3,2,1.5,0
38.88,Other,4.2,397,3,Male,3,2,2,Single,5,No,3,10,3,8,0,10.5,0
33.48,Sales,7.0,399,4,Female,3,1,2,Divorced,3,No,3,2,2,2,2,3.0,0
28.08,Sales,5.6,401,4,Male,2,2,4,Single,7,Yes,3,8,3,8,7,10.5,1
39.96,Other,12.6,403,2,Male,3,1,4,Married,2,Yes,3,4,2,4,2,1.5,0
45.36,Sales,36.4,404,3,Female,3,4,2,Married,9,No,3,23,4,20,4,6.0,0
19.44,Other,4.2,405,3,Male,3,1,3,Single,1,No,3,0,3,0,0,0.0,1
37.8,Sales,22.4,406,3,Male,3,3,2,Married,8,No,3,12,2,11,9,9.0,0
38.88,Other,25.2,407,3,Male,4,1,4,Married,4,No,3,4,3,1,0,0.0,0
55.08,Other,2.8,408,4,Male,1,2,2,Divorced,6,No,3,13,3,4,1,1.5,0
44.28,Sales,2.8,410,4,Male,3,4,2,Single,10,No,3,22,3,22,10,0.0,0
19.44,Sales,14.0,411,4,Female,2,1,3,Single,1,No,3,0,3,0,0,0.0,0
30.24,Other,22.4,412,2,Male,4,2,1,Single,6,No,3,9,3,8,3,0.0,0
33.48,Sales,9.8,416,2,Male,4,2,4,Married,8,No,3,10,2,8,7,10.5,0
42.12,Other,1.4,417,3,Male,4,3,4,Divorced,8,No,3,19,2,18,10,4.5,0
38.88,Other,33.6,419,2,Female,3,2,2,Married,6,No,3,11,3,9,8,0.0,0
34.56,Sales,9.8,420,4,Male,2,2,3,Married,6,No,3,13,2,13,8,6.0,0
41.04,Other,35.0,421,1,Female,2,3,2,Married,9,No,3,19,3,10,8,0.0,0
62.64,Other,1.4,422,4,Male,1,2,3,Divorced,6,Yes,3,12,3,5,3,1.5,0
33.48,Other,7.0,423,3,Male,3,1,4,Married,5,Yes,3,6,3,5,2,0.0,0
33.48,Human Resources,2.8,424,1,Male,2,2,1,Married,7,No,3,9,3,2,2,1.5,0
48.6,Other,9.8,425,1,Male,3,3,1,Divorced,6,No,3,24,3,24,9,13.5,0
33.48,Other,2.8,426,3,Male,3,1,4,Divorced,2,Yes,3,3,1,2,2,3.0,0
35.64,Other,7.0,428,4,Female,3,3,2,Married,9,No,3,12,3,10,6,12.0,0
42.12,Other,14.0,429,3,Male,3,4,1,Married,10,Yes,3,21,3,21,9,16.5,0
46.44,Other,14.0,430,3,Female,3,1,4,Single,2,No,3,9,3,8,7,1.5,0
52.92,Other,1.4,431,3,Female,2,4,3,Single,10,Yes,3,25,3,7,1,0.0,0
56.16,Other,11.2,433,3,Male,2,2,2,Married,6,No,3,11,2,8,2,10.5,1
29.16,Other,7.0,434,3,Female,3,1,2,Single,2,Yes,3,4,2,4,3,1.5,0
34.56,Sales,11.2,436,3,Female,2,2,2,Married,6,Yes,3,13,3,13,12,16.5,0
29.16,Sales,2.8,437,4,Male,3,2,3,Single,5,Yes,3,5,3,5,4,0.0,0
33.48,Sales,9.8,438,4,Male,3,2,4,Divorced,8,No,3,13,3,7,7,1.5,0
34.56,Other,2.8,439,1,Female,4,2,4,Single,6,No,3,10,2,7,7,0.0,0
30.24,Other,2.8,440,1,Male,1,1,4,Married,4,Yes,3,5,2,3,2,3.0,1
32.4,Other,39.2,441,4,Female,3,2,4,Married,7,No,3,11,3,10,8,1.5,0
33.48,Other,9.8,442,3,Female,2,3,3,Married,8,No,4,10,3,10,9,12.0,0
42.12,Other,9.8,444,3,Male,2,5,4,Married,10,No,3,21,3,21,9,19.5,0
42.12,Sales,4.2,445,4,Female,3,2,3,Married,6,Yes,3,12,2,1,0,0.0,1
35.64,Sales,14.0,446,2,Male,2,2,4,Single,5,No,3,9,2,7,7,0.0,0
50.76,Other,7.0,447,4,Male,3,5,3,Married,10,No,3,21,3,3,2,1.5,0
46.44,Other,14.0,448,3,Female,2,2,3,Divorced,6,No,3,9,4,9,7,0.0,0
29.16,Sales,1.4,449,3,Male,3,2,2,Married,7,Yes,3,6,3,5,4,1.5,0
58.32,Other,28.0,450,4,Female,3,2,3,Single,5,No,3,20,2,4,3,0.0,0
46.44,Other,9.8,451,3,Female,3,3,1,Married,9,No,3,10,2,1,0,0.0,0
48.6,Other,11.2,452,4,Male,3,2,4,Married,4,No,3,12,3,10,9,13.5,0
43.2,Sales,1.4,453,2,Male,1,2,4,Married,8,Yes,4,6,2,4,3,0.0,0
31.32,Other,11.2,454,2,Male,1,1,1,Married,1,Yes,3,7,2,7,7,0.0,1
31.32,Other,12.6,455,2,Male,2,1,4,Single,4,No,3,4,3,3,2,3.0,0
32.4,Sales,7.0,456,4,Female,2,2,3,Divorced,7,No,3,10,3,10,9,1.5,0
29.16,Sales,11.2,458,2,Female,3,2,2,Married,7,No,3,8,3,8,7,0.0,0
39.96,Other,7.0,460,4,Male,3,2,4,Divorced,7,No,3,8,2,6,2,0.0,0
41.04,Other,21.0,461,3,Male,2,3,4,Divorced,9,Yes,3,12,3,11,10,3.0,0
33.48,Other,9.8,462,3,Female,3,3,4,Single,8,Yes,3,11,2,11,9,6.0,0
31.32,Sales,14.0,463,4,Female,2,2,2,Divorced,8,Yes,3,7,3,7,7,1.5,0
37.8,Other,7.0,464,3,Male,3,3,2,Single,8,No,3,17,3,16,6,0.0,0
24.84,Other,36.4,465,3,Male,3,1,4,Divorced,3,No,3,4,2,4,2,0.0,0
44.28,Other,8.4,466,4,Male,2,2,2,Single,7,Yes,3,8,3,5,4,1.5,0
50.76,Sales,5.6,467,2,Male,3,2,3,Single,3,No,3,5,3,0,0,0.0,0
45.36,Other,32.2,468,1,Female,3,4,4,Single,10,No,3,16,3,1,0,0.0,0
31.32,Sales,2.8,469,4,Male,3,2,3,Married,5,No,3,4,2,4,3,0.0,0
45.36,Human Resources,2.8,470,3,Male,3,1,3,Divorced,3,Yes,3,4,3,3,2,1.5,0
34.56,Other,2.8,471,3,Female,3,1,2,Married,2,No,3,8,3,8,0,0.0,0
51.84,Sales,40.6,473,1,Female,3,3,3,Married,9,No,4,15,1,0,0,0.0,0
39.96,Other,8.4,474,3,Male,4,2,1,Divorced,7,Yes,3,13,3,7,7,9.0,0
32.4,Sales,35.0,475,4,Female,3,2,3,Married,5,Yes,3,4,4,2,2,3.0,0
28.08,Sales,1.4,476,3,Male,3,2,3,Married,6,No,3,8,3,8,7,10.5,0
45.36,Other,2.8,477,1,Male,2,2,4,Single,7,No,4,14,3,1,0,0.0,0
22.68,Sales,1.4,478,1,Female,2,1,2,Single,1,Yes,3,3,3,3,2,1.5,1
38.88,Sales,1.4,479,4,Female,3,2,4,Single,7,No,3,7,3,1,0,0.0,0
38.88,Sales,4.2,481,1,Male,2,3,4,Married,8,No,3,16,3,13,9,1.5,0
61.56,Other,1.4,482,4,Male,3,2,3,Married,7,No,3,15,3,3,2,1.5,0
43.2,Other,14.0,483,4,Female,4,1,3,Married,1,Yes,3,10,3,7,7,1.5,0
22.68,Sales,12.6,484,1,Male,3,1,4,Single,2,No,4,3,2,3,2,3.0,0
35.64,Sales,7.0,485,4,Female,3,1,3,Single,3,Yes,3,1,3,1,0,0.0,1
39.96,Other,14.0,486,3,Female,3,1,1,Married,4,No,4,17,3,5,4,0.0,0
49.68,Other,9.8,487,3,Female,3,2,3,Married,6,No,3,7,4,1,0,0.0,0
44.28,Sales,5.6,488,1,Male,3,2,2,Single,8,No,3,8,3,8,7,10.5,1
54.0,Other,14.0,491,4,Male,2,3,4,Single,9,No,3,20,3,4,3,1.5,0
43.2,Sales,30.8,492,3,Male,2,2,3,Married,7,Yes,3,8,3,6,4,1.5,1
33.48,Other,12.6,493,3,Male,2,1,2,Single,2,Yes,3,3,3,2,2,3.0,0
22.68,Sales,16.8,494,3,Female,4,1,2,Single,3,No,3,1,3,1,0,0.0,1
31.32,Other,32.2,495,4,Male,3,1,4,Single,1,No,3,6,3,3,2,1.5,0
37.8,Other,12.6,496,3,Male,2,2,2,Single,7,No,3,10,3,1,1,0.0,0
29.16,Other,1.4,497,4,Male,3,1,2,Divorced,4,No,3,5,3,5,2,0.0,0
30.24,Sales,12.6,498,2,Male,3,2,4,Single,6,No,3,7,3,7,5,0.0,0
52.92,Other,9.8,499,2,Male,2,3,3,Single,9,No,4,26,3,5,2,0.0,0
55.08,Sales,19.6,500,3,Female,3,2,4,Married,6,No,3,18,2,7,7,0.0,0
38.88,Other,2.8,501,4,Female,3,1,3,Married,2,No,3,6,3,2,2,3.0,0
36.72,Sales,26.6,502,1,Male,4,2,4,Single,6,Yes,3,9,2,5,2,0.0,1
59.4,Other,2.8,505,3,Female,3,4,4,Single,10,Yes,3,30,3,5,4,1.5,0
25.92,Sales,14.0,507,4,Female,3,2,3,Divorced,5,Yes,3,5,4,5,2,0.0,0
32.4,Sales,2.8,508,3,Male,3,1,2,Married,2,No,3,1,3,1,0,0.0,0
28.08,Other,4.2,510,3,Male,3,1,1,Single,3,No,4,7,3,6,4,0.0,1
23.76,Other,15.4,511,1,Female,3,1,2,Married,1,No,3,2,3,2,1,1.5,0
38.88,Sales,2.8,513,2,Male,2,3,3,Married,8,No,3,10,3,10,9,13.5,0
32.4,Other,5.6,514,3,Male,3,1,4,Single,1,Yes,4,3,3,1,0,0.0,1
39.96,Other,19.6,515,4,Female,3,1,1,Divorced,3,No,3,18,2,18,7,18.0,0
43.2,Sales,2.8,516,4,Female,3,2,2,Divorced,6,No,3,8,3,5,4,1.5,0
45.36,Other,1.4,517,2,Female,3,1,1,Divorced,2,No,3,8,3,5,2,1.5,0
39.96,Other,14.0,518,3,Male,3,2,2,Single,4,Yes,3,18,2,1,0,0.0,0
46.44,Other,16.8,520,1,Male,2,4,2,Divorced,10,No,3,25,3,25,10,4.5,0
43.2,Other,2.8,521,2,Female,2,2,3,Married,4,No,4,20,3,1,0,0.0,0
58.32,Other,7.0,522,1,Male,3,5,1,Married,10,No,3,24,2,4,2,1.5,0
36.72,Sales,5.6,523,3,Female,3,2,3,Married,7,No,3,6,3,3,2,1.5,0
33.48,Other,9.8,524,2,Female,3,2,1,Married,5,No,3,13,1,13,10,4.5,0
46.44,Other,29.4,525,4,Male,3,1,4,Married,1,No,4,8,3,3,2,1.5,0
46.44,Other,11.2,526,3,Female,3,2,3,Divorced,5,Yes,3,8,3,5,2,0.0,0
27.0,Sales,5.6,527,2,Female,2,2,4,Single,5,Yes,3,5,3,5,4,1.5,0
39.96,Other,35.0,529,2,Female,3,2,3,Married,5,Yes,3,15,3,13,11,15.0,0
33.48,Other,1.4,530,4,Male,2,1,1,Married,1,No,3,4,3,4,2,4.5,0
42.12,Other,1.4,531,2,Male,3,5,3,Divorced,10,Yes,3,21,3,21,8,1.5,0
60.48,Sales,8.4,532,3,Female,4,4,1,Married,9,No,3,36,2,7,7,10.5,0
32.4,Sales,16.8,533,2,Female,3,2,3,Single,7,No,3,6,3,5,4,6.0,0
44.28,Sales,1.4,534,2,Male,4,3,1,Married,8,No,3,10,3,10,7,0.0,0
30.24,Other,23.8,536,3,Male,3,2,1,Divorced,5,No,3,10,3,10,0,1.5,0
27.0,Other,4.2,538,1,Male,3,1,1,Married,4,No,3,6,3,2,2,0.0,1
56.16,Other,4.2,543,4,Male,2,3,3,Married,8,Yes,3,28,3,5,4,0.0,0
48.6,Other,14.0,544,1,Male,3,1,4,Married,2,No,4,8,2,2,2,0.0,0
56.16,Other,5.6,546,4,Female,3,4,4,Married,10,No,3,31,1,5,2,1.5,0
45.36,Other,40.6,547,1,Female,3,2,3,Divorced,5,No,3,19,3,5,4,0.0,0
32.4,Other,2.8,548,3,Female,1,2,4,Single,7,No,4,11,3,5,4,0.0,0
64.8,Other,9.8,549,1,Female,3,5,1,Married,10,No,3,33,1,29,8,16.5,0
49.68,Other,25.2,550,3,Female,3,2,3,Divorced,5,No,3,19,2,10,7,0.0,0
45.36,Other,39.2,551,4,Female,2,2,4,Married,5,No,3,7,4,6,5,0.0,0
25.92,Sales,1.4,554,1,Female,3,1,2,Single,3,Yes,3,6,3,5,3,1.5,1
36.72,Sales,8.4,555,4,Female,1,1,3,Divorced,2,No,3,3,2,2,2,1.5,1
41.04,Other,2.8,556,4,Male,3,1,4,Married,1,Yes,4,1,3,1,0,0.0,0
43.2,Sales,2.8,558,3,Female,3,5,3,Married,10,No,3,21,3,20,15,1.5,0
28.08,Other,32.2,560,1,Female,3,1,4,Divorced,3,No,4,3,1,3,2,0.0,0
32.4,Other,4.2,562,3,Male,3,1,4,Married,1,No,3,9,1,5,3,1.5,0
31.32,Other,4.2,564,2,Male,2,3,3,Married,9,No,3,10,3,10,2,0.0,0
31.32,Other,35.0,565,3,Female,2,1,2,Married,2,No,3,6,4,2,2,1.5,1
20.52,Human Resources,2.8,566,1,Male,2,1,4,Single,2,No,3,1,4,1,0,0.0,1
32.4,Sales,30.8,567,3,Female,3,3,1,Married,8,No,3,10,3,9,8,10.5,0
61.56,Sales,40.6,568,1,Male,2,4,4,Divorced,10,No,3,32,2,1,0,0.0,0
54.0,Other,40.6,569,2,Male,2,4,3,Married,10,No,3,28,3,27,10,22.5,0
32.4,Other,2.8,571,3,Female,3,1,4,Single,2,No,3,12,2,11,7,9.0,0
64.8,Sales,39.2,573,3,Female,2,3,1,Married,9,No,3,22,4,18,13,19.5,0
50.76,Other,2.8,574,1,Female,3,2,4,Divorced,6,No,3,20,3,5,0,0.0,0
49.68,Other,2.8,575,1,Male,3,4,3,Married,10,No,3,26,1,3,2,0.0,0
37.8,Other,30.8,577,4,Male,1,1,3,Single,5,No,3,6,3,5,4,6.0,0
58.32,Other,11.2,578,3,Female,3,2,3,Single,4,No,3,19,3,1,0,0.0,0
36.72,Other,2.8,579,4,Male,2,1,3,Divorced,3,No,3,14,3,7,3,7.5,0
49.68,Sales,14.0,580,3,Female,2,3,4,Married,8,Yes,3,15,3,3,2,1.5,0
33.48,Other,12.6,581,3,Male,3,3,2,Divorced,9,No,4,13,4,13,8,0.0,0
35.64,Other,21.0,582,2,Male,3,3,3,Married,9,Yes,3,15,4,7,6,10.5,1
35.64,Other,14.0,584,1,Male,1,1,4,Divorced,4,No,3,8,3,4,3,1.5,1
32.4,Sales,9.8,585,4,Male,3,1,2,Single,3,No,3,4,3,3,2,1.5,0
37.8,Other,22.4,586,4,Male,3,3,3,Married,8,Yes,3,10,3,8,7,0.0,0
33.48,Other,28.0,587,1,Male,3,3,3,Married,8,No,3,12,3,1,0,0.0,1
36.72,Human Resources,32.2,590,2,Female,3,3,1,Divorced,9,Yes,3,11,3,3,2,0.0,1
45.36,Other,7.0,591,2,Male,3,1,3,Married,1,No,3,8,3,2,2,3.0,0
38.88,Sales,14.0,592,2,Male,3,3,4,Single,9,No,3,10,2,10,3,13.5,0
23.76,Other,5.6,593,3,Male,2,1,3,Single,4,No,3,4,3,2,2,1.5,1
51.84,Sales,2.8,595,2,Female,3,2,4,Married,4,No,3,14,3,9,7,9.0,0
59.4,Sales,25.2,597,1,Female,3,4,2,Single,10,No,4,37,3,10,9,10.5,0
44.28,Sales,14.0,599,4,Male,3,2,4,Single,7,No,3,16,3,14,3,1.5,0
37.8,Sales,1.4,600,2,Male,3,2,3,Married,5,No,3,15,3,11,9,9.0,0
43.2,Other,8.4,601,2,Female,3,4,3,Single,9,No,3,22,3,20,6,7.5,0
42.12,Other,11.2,602,3,Female,3,1,3,Married,4,No,3,8,3,8,3,0.0,0
33.48,Sales,2.8,604,2,Male,3,2,4,Single,7,Yes,3,10,4,6,5,0.0,0
45.36,Other,33.6,605,4,Male,3,3,1,Married,8,Yes,4,10,2,10,9,7.5,0
48.6,Sales,2.8,606,4,Male,3,2,2,Married,5,No,3,9,4,8,7,4.5,0
28.08,Human Resources,23.8,608,2,Female,3,1,3,Divorced,3,Yes,3,8,2,7,7,1.5,1
31.32,Other,26.6,611,4,Male,3,2,4,Divorced,5,No,3,8,4,3,2,1.5,0
35.64,Other,1.4,612,1,Female,4,4,3,Divorced,10,No,3,10,3,6,1,0.0,0
33.48,Sales,9.8,613,3,Male,2,3,4,Divorced,9,No,4,10,2,5,4,0.0,0
19.44,Sales,7.0,614,2,Male,3,1,2,Single,1,Yes,3,0,3,0,0,0.0,1
43.2,Sales,39.2,615,3,Male,1,3,1,Divorced,9,No,3,20,3,1,0,0.0,0
44.28,Other,2.8,616,1,Female,2,2,3,Single,7,Yes,3,10,3,8,7,0.0,0
28.08,Sales,40.6,618,1,Male,3,2,3,Divorced,5,No,3,8,3,0,0,0.0,0
37.8,Sales,1.4,620,1,Female,3,2,3,Single,5,No,3,5,3,5,4,0.0,0
36.72,Sales,29.4,621,4,Male,4,2,4,Single,6,No,3,10,3,10,7,7.5,0
28.08,Other,33.6,622,3,Male,1,1,4,Single,2,Yes,3,1,1,1,0,0.0,1
39.96,Other,1.4,623,2,Female,3,3,4,Single,8,No,3,12,4,6,5,1.5,0
49.68,Other,25.2,624,1,Female,3,3,3,Married,9,No,3,28,2,2,2,1.5,0
44.28,Sales,2.8,625,2,Female,3,4,1,Married,10,No,3,22,3,18,16,16.5,0
39.96,Sales,12.6,626,1,Male,3,3,2,Divorced,8,No,3,9,3,9,5,10.5,0
56.16,Other,8.4,630,4,Male,3,2,1,Divorced,6,Yes,3,18,3,10,9,9.0,0
34.56,Sales,15.4,631,4,Male,4,2,3,Married,5,No,3,6,3,4,2,1.5,1
25.92,Sales,33.6,632,4,Male,3,1,4,Married,2,No,3,3,3,2,2,3.0,0
41.04,Other,14.0,634,3,Female,3,2,3,Married,8,No,3,18,3,1,0,0.0,0
39.96,Other,1.4,635,2,Female,3,2,2,Married,7,No,3,8,2,6,5,6.0,0
52.92,Other,25.2,638,4,Male,2,5,3,Divorced,10,Yes,3,31,3,31,9,0.0,0
25.92,Other,32.2,639,2,Male,4,1,4,Married,3,Yes,3,6,3,6,5,1.5,0
28.08,Sales,39.2,641,1,Male,3,2,2,Married,7,No,4,6,4,5,3,1.5,0
25.92,Other,23.8,643,4,Male,2,1,2,Married,1,No,4,1,3,1,0,0.0,0
54.0,Human Resources,4.2,644,1,Male,3,5,2,Married,10,No,3,32,3,32,5,15.0,0
27.0,Sales,18.2,645,2,Male,3,1,3,Married,1,No,3,7,3,7,4,0.0,0
25.92,Other,9.8,647,1,Female,3,1,3,Married,3,Yes,3,6,3,6,3,1.5,1
32.4,Sales,16.8,648,2,Male,2,1,1,Married,1,No,3,1,4,1,0,0.0,1
36.72,Other,1.4,649,2,Male,2,1,4,Married,4,Yes,3,6,3,6,5,1.5,0
33.48,Sales,18.2,650,2,Male,3,2,1,Divorced,5,No,3,9,1,3,1,1.5,1
37.8,Other,35.0,652,1,Male,2,2,4,Single,4,No,3,9,3,3,2,0.0,0
33.48,Sales,8.4,653,1,Male,4,2,4,Divorced,6,No,4,13,4,7,7,7.5,0
29.16,Other,8.4,655,1,Female,2,1,3,Divorced,1,No,3,6,2,5,3,0.0,0
39.96,Sales,2.8,656,4,Male,3,2,3,Married,8,Yes,3,17,2,3,0,1.5,0
21.6,Other,1.4,657,4,Female,2,1,2,Single,3,No,3,1,4,1,0,0.0,0
45.36,Other,2.8,659,3,Female,3,2,4,Married,4,No,3,10,3,10,2,3.0,0
46.44,Other,8.4,661,2,Male,2,4,4,Divorced,10,Yes,3,21,2,1,0,0.0,0
41.04,Other,1.4,662,3,Female,3,1,1,Single,2,No,3,8,2,0,0,0.0,0
46.44,Other,12.6,663,4,Male,3,2,3,Divorced,6,Yes,3,10,3,8,7,6.0,0
51.84,Other,1.4,664,4,Female,2,4,1,Married,10,No,3,21,1,3,2,0.0,0
47.52,Human Resources,1.4,665,1,Female,2,2,3,Single,7,No,3,10,4,2,2,0.0,0
36.72,Sales,19.6,666,3,Female,3,1,3,Divorced,2,Yes,3,8,3,8,2,0.0,0
29.16,Sales,2.8,667,3,Male,3,1,1,Divorced,3,No,3,5,3,4,3,0.0,1
22.68,Sales,30.8,669,3,Male,3,1,3,Single,4,No,3,3,3,3,2,1.5,0
47.52,Other,4.2,671,4,Male,3,5,4,Married,10,Yes,3,26,4,2,2,0.0,0
23.76,Other,8.4,675,1,Male,3,1,3,Married,3,No,4,3,3,2,2,3.0,0
35.64,Sales,11.2,677,3,Male,3,2,3,Divorced,8,No,3,6,3,5,0,1.5,0
34.56,Other,12.6,679,1,Female,3,2,4,Married,7,Yes,3,6,2,6,4,0.0,0
32.4,Other,4.2,680,3,Female,3,1,3,Divorced,1,No,4,1,3,1,0,0.0,0
57.24,Sales,1.4,682,4,Female,3,2,1,Single,8,No,4,18,4,14,7,12.0,0
36.72,Other,1.4,683,2,Male,3,1,4,Married,2,No,3,10,2,10,9,12.0,0
48.6,Sales,36.4,684,1,Female,3,2,1,Married,5,No,3,5,3,1,1,0.0,1
28.08,Other,8.4,686,3,Female,3,1,4,Married,2,Yes,3,3,3,3,2,0.0,0
39.96,Other,4.2,689,3,Male,3,3,3,Married,8,No,3,10,3,10,7,10.5,0
31.32,Sales,4.2,690,2,Female,3,2,3,Married,6,No,3,6,2,6,0,1.5,0
37.8,Other,8.4,691,2,Male,1,2,4,Single,7,No,3,17,3,17,11,16.5,0
35.64,Other,8.4,692,3,Male,3,2,4,Divorced,8,No,4,15,1,13,11,6.0,0
58.32,Human Resources,26.6,698,3,Male,3,3,2,Married,9,No,3,16,4,9,7,10.5,0
38.88,Other,12.6,699,2,Male,2,2,2,Divorced,8,Yes,3,13,3,3,2,0.0,0
29.16,Other,4.2,700,1,Male,2,1,4,Single,1,No,3,5,3,4,2,1.5,0
21.6,Other,14.0,701,4,Male,3,1,3,Single,1,Yes,3,1,3,1,0,1.5,1
35.64,Other,4.2,702,1,Male,3,1,1,Single,4,Yes,3,10,3,10,8,13.5,1
37.8,Other,4.2,704,3,Male,2,1,3,Married,1,No,3,1,3,1,0,0.0,0
24.84,Other,5.6,705,1,Male,4,1,1,Married,3,No,3,5,4,3,2,0.0,0
27.0,Sales,11.2,707,4,Male,4,2,2,Married,5,No,4,4,3,3,2,1.5,0
41.04,Sales,9.8,709,4,Female,2,2,4,Single,4,No,4,8,3,7,7,0.0,0
31.32,Other,1.4,710,2,Male,1,1,4,Divorced,3,No,3,10,3,10,7,3.0,0
51.84,Sales,2.8,712,2,Male,4,2,2,Married,8,No,3,12,3,2,2,3.0,0
29.16,Sales,4.2,714,4,Female,4,2,4,Divorced,5,Yes,4,6,3,6,5,0.0,0
39.96,Other,14.0,715,4,Male,4,1,4,Single,5,No,3,4,3,1,0,0.0,0
54.0,Other,39.2,716,4,Male,4,1,3,Married,3,Yes,3,20,3,20,8,4.5,0
36.72,Other,12.6,717,4,Female,2,3,2,Single,8,No,3,9,4,8,7,10.5,0
25.92,Sales,4.2,720,1,Female,3,2,3,Single,5,No,3,4,3,2,2,3.0,1
42.12,Other,2.8,721,4,Female,2,2,3,Single,5,No,3,20,3,20,7,16.5,0
34.56,Sales,14.0,722,4,Male,3,2,4,Single,6,No,3,10,2,10,7,0.0,0
54.0,Sales,11.2,723,2,Male,3,2,3,Married,7,Yes,3,18,3,4,3,1.5,1
41.04,Other,1.4,724,2,Female,4,2,4,Single,8,No,3,10,2,9,7,1.5,0
29.16,Other,1.4,725,3,Female,3,3,1,Married,8,No,3,9,3,9,7,0.0,0
34.56,Other,4.2,727,3,Female,3,3,4,Single,9,No,3,10,3,7,7,10.5,0
50.76,Sales,19.6,728,4,Male,3,2,1,Single,6,No,3,20,3,7,7,1.5,0
43.2,Sales,7.0,729,4,Male,2,3,1,Married,9,Yes,4,20,3,18,13,1.5,0
57.24,Other,9.8,730,3,Male,4,4,3,Married,10,No,3,32,3,5,1,1.5,0
44.28,Human Resources,14.0,731,2,Male,2,5,4,Divorced,10,No,3,23,2,21,6,18.0,0
64.8,Sales,22.4,732,1,Male,3,2,1,Single,6,No,3,10,3,2,2,3.0,0
29.16,Other,14.0,733,4,Male,3,3,1,Divorced,8,No,4,9,2,9,7,1.5,0
44.28,Human Resources,1.4,734,4,Male,2,5,3,Married,10,No,3,22,3,22,7,3.0,0
54.0,Sales,11.2,738,4,Male,3,1,2,Married,4,No,3,4,3,2,2,3.0,0
30.24,Other,1.4,741,1,Female,1,1,2,Single,1,Yes,3,10,3,7,7,4.5,1
38.88,Other,11.2,742,1,Female,4,3,1,Married,9,No,3,10,3,8,7,0.0,0
41.04,Other,1.4,743,3,Female,3,3,3,Single,8,Yes,3,10,4,1,0,0.0,0
47.52,Other,33.6,744,1,Male,1,1,3,Single,4,No,3,9,3,5,2,1.5,0
50.76,Sales,4.2,746,4,Female,3,4,3,Divorced,9,Yes,3,28,2,22,2,16.5,0
32.4,Sales,37.8,747,3,Male,3,2,4,Divorced,6,No,4,10,2,8,7,10.5,0
31.32,Sales,14.0,749,3,Male,3,1,3,Single,2,No,3,1,3,1,0,0.0,0
45.36,Other,26.6,752,3,Male,4,1,3,Divorced,3,Yes,3,7,3,2,2,3.0,1
46.44,Sales,21.0,754,4,Male,2,2,4,Married,7,No,3,7,3,2,2,3.0,0
36.72,Other,11.2,757,2,Female,3,2,3,Single,7,No,3,10,3,5,1,6.0,0
24.84,Other,12.6,758,2,Male,3,1,1,Married,2,No,3,5,4,4,3,0.0,0
42.12,Human Resources,4.2,760,3,Female,4,2,2,Married,7,No,3,12,1,8,3,4.5,0
60.48,Other,12.6,762,3,Male,3,4,4,Married,9,No,3,30,2,10,7,1.5,0
43.2,Other,2.8,763,4,Female,2,1,4,Single,2,Yes,4,5,2,4,2,3.0,0
29.16,Other,9.8,764,4,Female,2,2,1,Single,7,No,3,9,1,7,6,0.0,0
31.32,Sales,14.0,766,4,Male,3,1,2,Divorced,1,No,3,2,3,2,2,3.0,0
57.24,Other,8.4,769,4,Male,3,2,4,Single,2,No,3,19,3,2,2,3.0,0
37.8,Other,2.8,771,4,Female,3,2,1,Divorced,6,No,3,16,4,1,0,0.0,0
34.56,Other,33.6,772,1,Male,3,2,4,Married,6,No,3,10,3,10,8,6.0,0
41.04,Other,2.8,773,4,Male,3,1,3,Married,3,Yes,3,6,1,1,0,0.0,0
36.72,Other,11.2,775,2,Female,3,2,1,Divorced,6,No,3,7,3,0,0,0.0,0
56.16,Sales,4.2,776,3,Male,2,4,1,Married,10,No,3,34,4,34,6,1.5,0
35.64,Other,1.4,780,4,Male,3,1,4,Single,2,Yes,3,10,2,10,9,10.5,1
27.0,Sales,36.4,781,3,Female,3,2,4,Single,7,No,4,6,2,6,5,1.5,0
48.6,Sales,2.8,783,2,Male,1,2,3,Single,7,No,3,9,3,8,7,4.5,0
24.84,Other,14.0,784,1,Male,4,1,3,Single,4,No,3,2,3,2,2,0.0,0
50.76,Sales,37.8,785,2,Female,4,2,3,Single,7,Yes,3,8,3,5,4,1.5,1
36.72,Sales,2.8,786,4,Male,3,2,4,Single,7,No,4,6,3,6,5,1.5,0
59.4,Other,2.8,787,4,Male,3,5,1,Married,10,Yes,3,24,3,5,2,1.5,1
38.88,Sales,11.2,789,1,Male,2,3,1,Single,8,No,3,10,3,10,7,0.0,0
56.16,Other,26.6,791,4,Male,3,1,4,Married,5,No,3,5,3,4,3,1.5,0
28.08,Other,1.4,792,1,Female,1,1,4,Divorced,5,No,3,5,3,2,2,3.0,0
31.32,Other,37.8,793,2,Female,3,2,3,Married,5,No,3,11,2,8,7,1.5,0
28.08,Sales,11.2,796,4,Male,2,2,1,Single,6,No,3,6,2,4,3,1.5,1
36.72,Other,1.4,797,2,Female,4,1,4,Single,3,No,3,10,3,4,2,1.5,0
58.32,Other,26.6,799,4,Female,3,2,1,Divorced,6,Yes,3,9,3,5,3,1.5,0
29.16,Sales,11.2,800,3,Male,3,2,4,Married,5,No,3,5,3,4,2,1.5,0
39.96,Other,14.0,802,4,Female,3,1,1,Divorced,3,Yes,3,6,2,5,3,6.0,0
41.04,Other,2.8,803,1,Female,4,2,1,Single,7,Yes,3,17,3,15,7,6.0,0
36.72,Other,2.8,804,3,Female,2,1,1,Single,5,No,3,6,3,6,5,1.5,0
37.8,Sales,11.2,805,1,Female,3,1,4,Married,2,No,3,3,2,3,2,0.0,0
32.4,Other,1.4,806,4,Male,1,1,3,Married,4,No,4,7,3,2,2,0.0,0
43.2,Other,2.8,807,3,Female,4,2,2,Married,5,No,4,8,3,8,7,4.5,0
36.72,Sales,11.2,808,3,Female,3,2,1,Married,7,No,3,6,3,3,2,1.5,0
45.36,Other,11.2,809,2,Male,3,5,4,Divorced,10,No,3,24,2,24,7,21.0,0
24.84,Other,8.4,811,3,Male,4,1,1,Married,1,Yes,4,1,3,0,0,0.0,1
25.92,Other,12.6,812,3,Male,2,1,2,Divorced,2,No,3,1,3,1,0,0.0,0
56.16,Other,15.4,813,4,Female,3,2,3,Married,3,No,4,9,3,5,2,1.5,0
54.0,Other,2.8,815,3,Male,3,4,3,Married,10,No,3,30,3,4,3,0.0,0
31.32,Other,1.4,816,2,Female,2,1,1,Married,2,Yes,3,1,3,1,0,0.0,1
35.64,Other,9.8,817,3,Male,3,3,3,Married,9,No,3,14,4,13,9,4.5,0
35.64,Sales,22.4,819,1,Female,3,2,1,Single,6,No,3,6,3,3,2,0.0,1
50.76,Other,2.8,820,3,Female,3,4,4,Married,10,Yes,3,26,2,26,14,4.5,0
38.88,Other,1.4,823,3,Female,3,2,2,Married,6,No,3,10,3,9,7,0.0,0
31.32,Other,32.2,824,3,Male,4,1,3,Married,3,No,4,10,3,10,7,0.0,0
62.64,Other,2.8,825,4,Male,3,5,2,Single,10,Yes,3,40,3,31,15,19.5,1
37.8,Other,1.4,826,4,Female,4,1,3,Single,2,No,3,7,3,2,2,3.0,0
45.36,Other,1.4,827,4,Female,2,2,4,Married,7,Yes,3,8,3,4,3,0.0,0
30.24,Other,2.8,828,3,Male,3,1,3,Single,5,No,3,5,2,2,2,3.0,1
38.88,Human Resources,18.2,829,3,Male,3,1,2,Married,1,No,3,8,3,5,2,0.0,0
34.56,Other,5.6,830,3,Female,2,2,3,Married,7,No,3,14,3,14,13,9.0,0
43.2,Other,22.4,832,1,Male,2,2,3,Single,6,No,3,10,3,1,0,0.0,0
32.4,Other,2.8,833,3,Female,2,2,4,Single,7,Yes,4,12,2,0,0,0.0,0
48.6,Other,2.8,834,2,Female,2,1,3,Single,1,No,3,1,3,1,0,0.0,0
45.36,Other,40.6,836,2,Male,3,2,2,Married,5,No,3,10,2,9,8,10.5,0
41.04,Other,16.8,837,1,Male,2,2,1,Divorced,7,No,3,13,2,4,3,1.5,0
36.72,Other,22.4,838,3,Female,2,1,4,Single,2,No,3,6,3,5,2,1.5,0
52.92,Sales,15.4,840,3,Female,3,3,4,Married,8,No,3,9,4,9,8,10.5,1
59.4,Sales,2.8,842,3,Male,3,2,4,Single,6,No,3,12,2,9,7,10.5,1
46.44,Other,19.6,843,2,Male,3,4,1,Married,10,No,4,22,3,4,1,1.5,0
29.16,Other,7.0,844,3,Male,2,3,4,Divorced,9,Yes,3,9,3,9,8,0.0,0
37.8,Other,9.8,845,3,Male,3,3,3,Single,9,No,4,17,4,8,5,1.5,0
30.24,Sales,2.8,846,2,Female,3,2,2,Married,5,Yes,4,8,3,8,7,10.5,0
36.72,Human Resources,4.2,847,3,Male,3,1,4,Married,4,No,3,4,1,3,2,0.0,0
28.08,Other,7.0,848,3,Female,2,1,3,Married,2,Yes,3,8,3,8,7,1.5,1
29.16,Other,4.2,850,4,Male,3,1,4,Married,1,No,3,0,2,0,0,0.0,0
55.08,Sales,36.4,851,1,Female,3,4,3,Married,10,No,3,29,2,20,6,6.0,0
47.52,Other,5.6,852,4,Male,3,2,2,Single,7,No,3,10,2,5,2,3.0,0
27.0,Other,2.8,854,1,Male,4,1,1,Single,4,No,3,6,2,4,3,0.0,0
35.64,Sales,1.4,855,1,Male,4,2,1,Divorced,4,No,4,9,3,9,8,0.0,0
37.8,Other,37.8,856,3,Female,2,1,1,Single,2,No,3,6,2,6,5,1.5,0
38.88,Sales,1.4,857,2,Male,3,2,4,Married,7,Yes,3,18,2,18,14,6.0,0
34.56,Sales,18.2,859,2,Male,3,2,4,Divorced,5,No,3,8,2,5,2,0.0,0
32.4,Other,7.0,861,2,Male,2,1,4,Divorced,4,No,3,10,2,5,4,0.0,0
57.24,Sales,9.8,862,1,Female,2,3,4,Married,9,Yes,3,35,3,5,2,0.0,0
48.6,Sales,12.6,864,4,Male,3,3,1,Divorced,9,Yes,3,18,3,5,4,0.0,0
34.56,Other,11.2,865,3,Female,4,2,3,Married,6,No,3,9,2,5,3,1.5,0
56.16,Other,35.0,867,3,Female,2,4,4,Married,10,No,4,31,3,9,8,0.0,0
39.96,Sales,22.4,868,4,Male,2,2,3,Divorced,7,No,3,9,3,1,0,0.0,0
30.24,Human Resources,11.2,869,2,Male,2,1,4,Divorced,6,No,3,6,3,5,1,0.0,0
23.76,Other,1.4,872,4,Male,2,2,4,Married,5,No,4,4,1,2,2,3.0,0
47.52,Other,11.2,874,1,Male,4,1,4,Married,3,Yes,4,10,2,3,2,0.0,0
45.36,Other,2.8,875,2,Male,3,1,4,Single,2,Yes,3,8,3,2,1,3.0,0
38.88,Human Resources,11.2,878,1,Male,2,1,1,Married,2,No,4,6,3,5,4,0.0,0
27.0,Sales,4.2,879,3,Male,3,2,1,Married,4,Yes,3,5,3,5,3,0.0,0
37.8,Other,12.6,880,4,Female,2,3,3,Married,9,Yes,4,17,3,17,14,7.5,0
37.8,Other,35.0,881,4,Female,3,1,2,Divorced,1,Yes,3,10,2,10,2,10.5,1
34.56,Other,1.4,882,4,Male,3,1,4,Divorced,1,No,3,4,3,3,0,0.0,0
27.0,Sales,5.6,885,3,Male,2,2,1,Married,5,No,3,5,4,5,2,0.0,0
52.92,Other,1.4,887,3,Female,3,1,1,Married,4,No,3,7,3,4,2,0.0,0
25.92,Other,5.6,888,1,Male,2,1,4,Married,3,No,3,6,2,5,2,4.5,0
34.56,Sales,7.0,889,2,Male,3,2,2,Married,7,No,3,10,3,10,8,7.5,0
41.04,Sales,12.6,893,2,Male,2,1,2,Married,3,No,3,3,3,2,2,1.5,0
45.36,Other,4.2,894,3,Female,4,2,4,Married,6,Yes,3,17,2,5,3,1.5,0
33.48,Other,15.4,895,4,Male,3,1,4,Married,2,Yes,3,8,3,6,4,0.0,0
31.32,Sales,1.4,896,2,Female,2,1,3,Divorced,3,Yes,3,5,3,3,2,0.0,1
57.24,Sales,11.2,897,1,Male,3,4,4,Married,9,No,3,28,3,2,0,3.0,0
37.8,Other,35.0,899,4,Male,2,3,2,Married,9,No,3,16,3,13,10,6.0,0
39.96,Sales,29.4,900,3,Female,3,1,4,Married,3,No,3,10,3,5,4,0.0,0
57.24,Other,32.2,901,4,Female,3,4,4,Single,10,No,3,33,3,12,9,4.5,0
46.44,Other,1.4,902,4,Female,3,2,4,Married,6,No,3,12,2,5,2,3.0,0
50.76,Sales,2.8,903,3,Female,3,2,4,Married,5,Yes,4,8,3,7,6,10.5,0
39.96,Sales,26.6,904,1,Male,3,3,2,Single,8,Yes,3,10,3,10,0,0.0,0
54.0,Other,2.8,905,1,Male,3,4,1,Divorced,10,No,3,31,3,31,6,21.0,0
42.12,Human Resources,2.8,909,4,Female,2,2,4,Married,6,No,3,13,3,5,4,0.0,0
35.64,Human Resources,4.2,910,4,Male,3,1,2,Divorced,1,Yes,3,7,4,4,3,0.0,0
34.56,Other,35.0,911,1,Male,3,1,4,Single,3,Yes,4,1,1,1,0,0.0,1
31.32,Other,9.8,912,1,Female,2,1,4,Divorced,2,No,3,8,3,4,3,0.0,0
47.52,Other,12.6,913,2,Male,3,1,1,Married,2,Yes,3,8,3,8,7,10.5,0
30.24,Sales,7.0,916,1,Male,3,2,4,Single,5,No,3,4,3,4,2,0.0,0
62.64,Other,2.8,918,4,Male,2,1,4,Divorced,2,Yes,3,3,2,1,0,0.0,1
46.44,Other,11.2,920,1,Female,3,2,2,Divorced,5,No,4,4,4,1,0,0.0,0
21.6,Sales,2.8,922,3,Female,2,1,3,Single,1,No,3,2,2,2,2,0.0,1
22.68,Other,25.2,923,4,Female,3,1,4,Single,2,No,3,1,2,1,0,0.0,1
38.88,Other,19.6,924,3,Male,3,2,4,Married,7,Yes,3,17,2,16,8,6.0,0
50.76,Sales,2.8,925,4,Female,2,1,4,Single,3,Yes,3,3,2,3,2,1.5,0
23.76,Other,4.2,926,2,Female,3,2,3,Married,4,Yes,3,4,4,3,2,0.0,1
44.28,Other,2.8,927,2,Female,1,1,4,Divorced,3,Yes,3,10,2,7,7,1.5,1
30.24,Other,12.6,930,3,Female,3,1,3,Divorced,2,No,3,6,3,2,2,3.0,0
42.12,Other,8.4,932,4,Male,3,1,1,Married,2,Yes,4,8,1,2,2,3.0,1
29.16,Other,5.6,933,2,Female,3,1,3,Single,2,No,3,1,3,1,1,0.0,0
36.72,Other,14.0,934,2,Male,3,1,2,Divorced,1,No,3,1,3,1,0,1.5,0
45.36,Sales,19.6,936,3,Female,2,2,3,Single,7,No,3,10,3,5,4,0.0,0
35.64,Other,1.4,939,3,Male,2,1,1,Single,3,Yes,3,6,3,3,2,0.0,0
62.64,Other,7.0,940,3,Female,2,3,2,Divorced,9,Yes,3,24,3,6,0,0.0,0
33.48,Sales,9.8,941,2,Male,2,1,3,Married,2,No,3,13,4,7,7,7.5,0
37.8,Other,29.4,942,4,Female,3,2,4,Married,4,Yes,4,10,1,10,6,0.0,0
52.92,Other,11.2,944,1,Female,3,3,2,Married,8,No,3,29,2,26,9,1.5,0
51.84,Other,28.0,945,4,Male,3,1,3,Married,1,No,3,13,2,0,0,0.0,0
33.48,Sales,28.0,947,4,Female,3,2,3,Married,8,No,3,9,2,9,8,0.0,0
38.88,Other,9.8,949,2,Male,3,1,4,Single,5,No,3,8,3,6,2,0.0,0
41.04,Other,1.4,950,4,Female,3,3,1,Married,9,No,3,15,3,15,12,7.5,0
34.56,Other,1.4,951,3,Female,2,1,2,Married,2,No,4,5,3,3,0,0.0,0
27.0,Sales,26.6,952,3,Male,2,1,2,Married,2,Yes,3,1,3,1,0,0.0,1
43.2,Sales,14.0,954,1,Male,2,3,2,Divorced,8,No,3,11,2,1,0,0.0,0
28.08,Sales,1.4,956,3,Male,2,2,1,Single,5,No,3,7,3,7,7,0.0,0
44.28,Other,8.4,957,4,Male,3,1,1,Single,5,Yes,3,20,3,18,13,3.0,0
38.88,Other,2.8,958,3,Male,3,1,3,Single,2,No,4,16,3,11,8,4.5,0
20.52,Sales,29.4,959,4,Male,2,1,2,Single,1,Yes,3,1,4,1,0,0.0,1
21.6,Other,5.6,960,1,Male,3,1,1,Single,3,No,3,1,3,1,0,0.0,1
33.48,Other,16.8,961,4,Female,3,2,4,Married,7,Yes,3,10,1,9,7,12.0,0
43.2,Other,12.6,964,4,Male,3,1,2,Divorced,4,Yes,3,3,3,1,1,0.0,0
34.56,Other,4.2,966,3,Female,3,2,1,Married,7,No,3,8,4,8,7,9.0,0
38.88,Sales,4.2,967,3,Male,2,3,4,Married,9,Yes,3,16,3,16,7,4.5,1
35.64,Other,1.4,969,2,Female,2,2,4,Single,8,No,3,6,3,5,0,1.5,0
39.96,Sales,1.4,970,1,Male,2,3,3,Married,9,No,3,17,1,14,1,16.5,1
48.6,Other,5.6,972,3,Male,3,2,2,Married,5,No,3,9,2,9,7,0.0,0
31.32,Sales,28.0,974,3,Female,3,1,4,Married,1,No,3,3,3,3,1,0.0,0
37.8,Sales,25.2,975,3,Female,3,2,3,Married,5,No,3,5,3,5,2,1.5,0
56.16,Other,1.4,976,4,Male,3,4,4,Married,10,No,3,26,2,9,8,10.5,0
62.64,Other,2.8,977,4,Male,3,1,3,Single,2,No,4,7,3,1,0,0.0,1
57.24,Sales,2.8,981,3,Male,3,4,3,Divorced,10,No,3,22,4,17,13,22.5,0
32.4,Sales,11.2,982,3,Male,3,3,3,Divorced,8,No,3,10,4,8,4,10.5,0
41.04,Sales,14.0,983,3,Female,3,2,4,Single,6,Yes,3,6,3,5,3,1.5,0
37.8,Sales,4.2,984,4,Male,3,3,4,Divorced,8,No,3,12,3,10,9,0.0,0
42.12,Sales,2.8,985,1,Male,4,3,3,Single,8,No,3,9,3,8,7,0.0,0
43.2,Sales,33.6,986,2,Female,4,4,2,Single,9,Yes,3,22,2,1,0,0.0,1
50.76,Other,22.4,987,3,Male,4,2,3,Divorced,6,Yes,3,20,4,19,10,3.0,0
38.88,Sales,11.2,990,1,Male,3,2,4,Divorced,6,No,3,12,3,7,7,0.0,0
33.48,Other,12.6,991,3,Male,2,1,1,Single,2,Yes,4,4,3,3,2,1.5,1
35.64,Sales,23.8,992,4,Male,3,4,3,Single,10,No,3,10,3,10,8,9.0,0
31.32,Other,14.0,994,4,Female,2,1,1,Single,2,Yes,4,3,3,0,0,0.0,1
35.64,Other,18.2,995,2,Female,3,1,4,Single,4,No,3,5,3,3,2,0.0,0
48.6,Other,1.4,996,4,Female,3,1,4,Divorced,1,No,3,8,3,5,3,0.0,0
54.0,Other,1.4,997,4,Male,3,4,4,Divorced,10,No,4,32,2,5,4,1.5,0
35.64,Other,1.4,998,3,Female,4,2,2,Married,6,Yes,3,6,3,6,5,1.5,0
44.28,Other,12.6,999,1,Male,3,5,3,Divorced,10,No,3,21,4,18,16,0.0,0
29.16,Other,22.4,1001,3,Female,3,1,2,Married,3,No,3,4,3,2,2,3.0,0
48.6,Other,32.2,1002,4,Male,3,2,1,Married,4,Yes,3,9,3,9,8,0.0,0
50.76,Sales,5.6,1003,4,Female,3,2,4,Single,4,Yes,3,9,3,9,0,0.0,0
32.4,Other,30.8,1004,1,Female,3,1,3,Married,1,Yes,3,7,3,5,2,0.0,1
54.0,Other,33.6,1005,4,Male,3,4,3,Married,10,Yes,3,22,3,12,11,1.5,0
41.04,Other,14.0,1006,3,Male,3,1,3,Married,2,No,3,3,2,2,1,0.0,0
49.68,Other,9.8,1007,4,Male,3,3,3,Divorced,9,No,3,13,3,8,7,0.0,0
25.92,Other,23.8,1009,4,Female,2,2,3,Divorced,5,No,3,5,3,4,2,4.5,0
37.8,Other,19.6,1010,3,Male,2,1,2,Divorced,4,Yes,4,5,1,4,2,0.0,1
33.48,Other,1.4,1011,3,Female,3,2,1,Married,4,No,3,4,3,4,3,0.0,0
19.44,Other,7.0,1012,2,Male,3,1,4,Single,1,No,3,0,3,0,0,0.0,0
58.32,Other,23.8,1013,3,Female,3,3,3,Married,9,No,3,22,3,10,7,0.0,0
37.8,Other,35.0,1014,3,Female,3,3,3,Divorced,9,Yes,3,16,2,16,10,15.0,0
32.4,Other,11.2,1015,2,Female,4,3,1,Married,9,Yes,3,9,2,8,7,1.5,0
21.6,Other,15.4,1016,4,Female,2,1,1,Single,2,Yes,3,1,3,1,0,0.0,1
32.4,Other,7.0,1017,2,Female,3,1,2,Single,2,No,3,4,3,3,2,1.5,1
28.08,Other,2.8,1018,4,Male,4,2,4,Married,6,No,3,8,3,8,7,1.5,0
23.76,Other,11.2,1019,2,Male,1,1,1,Married,2,No,3,4,2,4,3,1.5,0
51.84,Other,8.4,1022,1,Male,2,2,3,Single,5,No,3,19,3,2,2,3.0,0
51.84,Other,5.6,1024,3,Male,2,3,3,Single,9,No,3,27,3,15,11,6.0,0
44.28,Other,9.8,1025,4,Female,3,2,3,Single,6,No,3,8,3,2,2,3.0,0
42.12,Other,1.4,1026,4,Female,2,4,4,Married,9,No,3,21,3,21,6,16.5,0
29.16,Other,2.8,1027,1,Female,3,2,4,Married,4,No,3,4,3,3,2,3.0,0
37.8,Other,14.0,1028,2,Male,3,1,4,Divorced,4,No,4,3,2,3,2,1.5,0
45.36,Sales,7.0,1029,4,Male,3,5,3,Married,10,No,3,21,4,1,0,0.0,0
54.0,Other,12.6,1030,1,Male,3,1,4,Married,2,No,3,8,3,1,0,0.0,0
63.72,Other,2.8,1032,3,Female,2,4,4,Single,9,Yes,3,30,3,5,3,6.0,0
39.96,Other,15.4,1033,1,Female,1,2,2,Married,5,No,3,15,1,1,0,0.0,1
59.4,Other,25.2,1034,3,Male,3,2,2,Married,7,Yes,3,17,3,8,7,9.0,0
44.28,Other,9.8,1035,2,Female,1,5,3,Divorced,10,No,4,21,3,21,16,7.5,0
41.04,Sales,4.2,1036,2,Male,3,2,4,Single,7,Yes,3,19,3,1,0,0.0,0
28.08,Sales,40.6,1037,2,Male,1,2,1,Single,6,No,3,7,3,2,2,3.0,1
56.16,Sales,2.8,1038,1,Female,1,5,4,Married,10,No,3,33,3,32,14,9.0,1
47.52,Sales,39.2,1039,4,Female,4,4,4,Married,9,Yes,3,23,3,12,11,16.5,0
54.0,Sales,1.4,1040,4,Female,3,2,3,Married,7,No,3,19,3,18,7,0.0,0
38.88,Other,22.4,1042,3,Female,4,1,1,Single,3,No,3,18,3,17,13,22.5,1
42.12,Other,30.8,1043,4,Female,3,3,1,Single,9,Yes,3,21,3,21,6,3.0,0
35.64,Sales,11.2,1044,2,Female,2,1,4,Single,2,No,3,3,2,2,2,3.0,0
48.6,Sales,15.4,1045,4,Female,3,4,4,Married,10,No,3,26,4,9,3,1.5,0
34.56,Other,40.6,1046,4,Female,3,1,3,Single,4,No,3,10,3,8,7,10.5,0
36.72,Sales,1.4,1047,2,Male,4,2,4,Divorced,8,No,3,16,2,15,1,0.0,0
63.72,Sales,1.4,1048,2,Male,3,3,4,Married,9,Yes,3,14,1,6,4,0.0,0
48.6,Human Resources,33.6,1049,2,Male,3,1,2,Single,1,No,3,6,3,6,3,0.0,0
57.24,Sales,2.8,1050,3,Female,2,3,2,Married,8,No,3,30,3,15,7,9.0,0
38.88,Other,21.0,1052,1,Male,3,2,3,Divorced,5,No,3,9,2,1,0,0.0,1
28.08,Other,2.8,1053,1,Male,3,1,1,Married,1,Yes,3,6,3,3,2,1.5,1
36.72,Sales,14.0,1055,3,Female,3,1,3,Married,1,Yes,3,1,3,1,1,0.0,0
30.24,Sales,14.0,1056,4,Male,3,1,2,Married,1,No,4,1,3,1,0,0.0,0
41.04,Other,4.2,1060,3,Male,3,1,3,Married,3,No,3,8,3,2,2,3.0,0
54.0,Other,2.8,1061,2,Male,3,5,3,Married,10,Yes,3,29,2,8,1,10.5,0
39.96,Other,4.2,1062,4,Female,3,2,2,Single,4,No,3,8,2,4,3,0.0,0
43.2,Sales,36.4,1066,3,Male,3,2,1,Married,8,No,3,8,2,7,7,10.5,0
28.08,Other,1.4,1068,1,Female,2,1,3,Divorced,1,No,3,5,3,5,3,1.5,0
49.68,Other,1.4,1069,4,Male,3,5,4,Divorced,10,No,3,23,3,2,2,3.0,0
58.32,Sales,2.8,1070,3,Female,2,3,3,Married,9,No,3,13,3,9,4,10.5,0
60.48,Other,12.6,1071,1,Female,3,1,3,Married,3,No,3,18,3,5,4,0.0,0
38.88,Other,16.8,1073,4,Female,2,3,4,Single,8,No,3,15,2,14,8,10.5,0
59.4,Other,2.8,1074,3,Male,2,4,1,Single,10,No,3,31,4,9,7,9.0,0
46.44,Sales,35.0,1076,3,Male,2,3,4,Divorced,9,No,3,18,3,1,0,0.0,0
21.6,Sales,12.6,1077,4,Female,3,1,4,Single,2,Yes,3,2,3,2,2,0.0,1
22.68,Other,14.0,1079,3,Female,2,1,1,Single,1,No,3,1,2,1,0,1.5,1
49.68,Other,11.2,1080,4,Female,2,2,1,Divorced,5,Yes,4,19,3,16,13,1.5,0
55.08,Other,5.6,1081,1,Male,3,1,3,Married,2,Yes,3,18,4,10,0,3.0,1
30.24,Other,33.6,1082,2,Male,2,3,1,Single,8,No,3,10,2,10,7,1.5,1
28.08,Other,1.4,1083,1,Male,2,1,1,Married,4,No,3,6,3,5,3,1.5,0
32.4,Other,28.0,1084,3,Male,3,2,1,Married,9,No,3,7,2,6,2,0.0,0
44.28,Other,9.8,1085,2,Female,4,1,3,Married,4,No,3,10,3,10,6,0.0,0
41.04,Other,23.8,1088,3,Female,2,3,3,Married,8,No,3,20,2,19,9,1.5,0
43.2,Other,28.0,1092,1,Male,3,3,4,Married,9,No,4,14,3,11,10,16.5,0
29.16,Other,11.2,1094,1,Male,1,1,3,Married,5,No,3,3,3,3,2,1.5,0
59.4,Other,2.8,1096,4,Male,3,3,2,Married,9,No,3,23,3,3,2,1.5,0
30.24,Other,14.0,1097,3,Female,3,2,3,Single,4,No,3,10,4,8,7,1.5,0
47.52,Human Resources,1.4,1098,2,Male,2,3,1,Married,9,No,3,24,3,20,6,4.5,1
35.64,Other,7.0,1099,4,Male,2,3,4,Divorced,8,No,3,9,3,3,2,1.5,0
37.8,Sales,5.6,1100,4,Male,3,3,1,Single,8,Yes,4,9,3,8,7,6.0,1
35.64,Other,40.6,1101,1,Female,2,2,3,Single,5,No,4,14,3,13,7,4.5,1
30.24,Other,21.0,1102,1,Male,3,1,3,Divorced,1,No,3,4,2,4,2,3.0,0
36.72,Other,4.2,1103,1,Male,3,2,4,Single,8,No,3,7,2,6,2,0.0,0
39.96,Sales,14.0,1105,4,Female,2,2,4,Divorced,7,Yes,3,8,3,1,0,0.0,0
27.0,Other,5.6,1106,4,Male,3,1,4,Married,4,Yes,3,7,4,7,7,7.5,1
28.08,Other,29.4,1107,1,Male,3,1,3,Divorced,2,No,4,1,2,1,1,0.0,1
35.64,Other,35.0,1108,1,Male,2,1,2,Single,1,Yes,4,5,3,2,2,3.0,1
45.36,Other,2.8,1109,4,Male,3,4,1,Married,10,No,3,23,3,22,6,19.5,0
30.24,Other,1.4,1111,1,Male,2,1,2,Divorced,2,No,3,1,3,1,0,0.0,1
54.0,Sales,1.4,1113,4,Male,3,2,3,Single,5,Yes,3,5,3,0,0,0.0,1
35.64,Sales,9.8,1114,4,Female,3,2,2,Married,5,No,3,4,3,3,2,0.0,0
36.72,Other,4.2,1115,3,Male,2,1,4,Married,3,No,3,6,3,0,0,0.0,0
51.84,Other,1.4,1116,1,Male,4,4,4,Single,10,No,4,27,2,5,4,3.0,0
48.6,Sales,12.6,1117,2,Female,2,2,3,Married,6,No,3,15,3,15,10,6.0,0
56.16,Other,9.8,1118,2,Male,3,3,2,Single,9,No,3,18,3,8,6,6.0,0
41.04,Sales,14.0,1119,3,Male,2,3,3,Divorced,8,Yes,3,9,3,8,7,3.0,0
31.32,Other,39.2,1120,3,Female,3,1,4,Divorced,2,No,4,11,3,7,5,1.5,0
30.24,Other,4.2,1121,4,Female,3,3,2,Divorced,8,No,3,10,2,9,7,1.5,0
49.68,Sales,4.2,1124,1,Male,3,4,3,Married,10,No,3,23,3,12,9,6.0,0
41.04,Sales,2.8,1125,4,Male,3,3,2,Single,8,No,3,10,3,1,0,0.0,0
46.44,Other,37.8,1126,3,Female,3,3,1,Married,9,No,3,18,3,8,7,0.0,0
42.12,Other,2.8,1127,1,Male,3,4,4,Divorced,9,No,3,21,3,18,7,16.5,1
43.2,Other,19.6,1128,3,Male,2,5,3,Single,10,No,3,21,4,20,7,6.0,0
22.68,Other,1.4,1131,4,Female,2,1,2,Single,1,Yes,3,2,4,2,2,3.0,0
42.12,Other,12.6,1132,3,Male,3,2,2,Single,7,No,3,9,2,5,4,0.0,0
38.88,Other,25.2,1133,1,Male,3,2,4,Single,8,No,4,18,3,11,9,0.0,0
33.48,Sales,28.0,1135,3,Male,4,1,4,Married,3,No,3,3,3,2,2,3.0,0
30.24,Other,2.8,1136,1,Male,2,1,2,Married,3,No,3,6,1,5,3,0.0,0
37.8,Sales,15.4,1137,4,Male,3,2,4,Divorced,6,No,3,5,3,5,2,0.0,0
52.92,Sales,11.2,1138,4,Male,2,4,2,Married,9,No,3,22,3,9,8,3.0,0
36.72,Other,2.8,1140,4,Male,3,2,3,Single,4,No,3,5,2,3,2,0.0,0
31.32,Other,14.0,1143,4,Female,3,1,2,Divorced,3,No,3,8,2,7,5,1.5,0
45.36,Other,40.6,1148,2,Male,1,2,4,Single,5,No,3,16,3,1,0,0.0,0
31.32,Other,11.2,1150,2,Male,2,2,4,Married,6,Yes,3,10,2,10,7,1.5,0
41.04,Human Resources,1.4,1152,3,Male,4,1,3,Married,3,No,3,7,4,7,6,7.5,0
30.24,Other,8.4,1154,3,Male,2,1,3,Divorced,3,Yes,3,3,3,3,1,0.0,0
19.44,Other,11.2,1156,3,Male,3,1,3,Single,1,No,3,0,3,0,0,0.0,1
35.64,Sales,12.6,1157,1,Female,3,2,1,Single,8,Yes,3,6,3,5,2,0.0,1
44.28,Other,16.8,1158,2,Male,3,1,4,Married,5,Yes,3,6,3,1,0,0.0,0
33.48,Other,21.0,1160,3,Male,3,1,3,Married,2,No,3,2,2,2,2,3.0,1
39.96,Other,35.0,1161,3,Female,2,2,4,Divorced,6,No,3,9,3,6,2,1.5,0
29.16,Other,8.4,1162,4,Male,2,1,3,Married,2,No,3,4,3,4,2,3.0,0
36.72,Sales,12.6,1163,2,Female,3,2,3,Married,6,No,4,6,2,6,5,1.5,0
37.8,Human Resources,11.2,1164,3,Male,3,1,3,Single,5,No,3,6,1,5,4,1.5,0
31.32,Sales,32.2,1165,4,Female,2,3,1,Married,8,No,3,11,1,11,8,4.5,1
43.2,Other,12.6,1166,2,Female,3,3,3,Single,9,No,3,20,2,18,7,3.0,0
45.36,Sales,16.8,1167,3,Male,3,4,1,Single,9,Yes,3,22,2,21,9,19.5,1
45.36,Sales,5.6,1171,2,Male,3,2,1,Single,6,No,3,9,4,6,4,1.5,0
37.8,Other,1.4,1172,4,Male,2,1,3,Married,1,No,3,10,3,8,0,1.5,0
25.92,Other,33.6,1173,4,Male,3,1,2,Single,4,No,4,6,3,4,3,1.5,0
30.24,Other,16.8,1175,3,Female,3,1,4,Married,2,Yes,3,1,2,1,1,0.0,1
28.08,Other,4.2,1177,1,Male,4,1,4,Married,5,No,4,8,3,8,7,0.0,0
32.4,Sales,14.0,1179,3,Male,2,2,3,Married,7,No,3,10,3,10,3,1.5,0
43.2,Other,36.4,1180,3,Female,2,2,4,Married,5,Yes,3,16,1,1,1,0.0,0
37.8,Other,2.8,1182,3,Male,2,3,2,Divorced,9,No,3,15,4,7,7,9.0,0
36.72,Other,1.4,1184,4,Male,2,2,1,Single,6,No,4,14,3,13,9,6.0,0
37.8,Other,5.6,1185,4,Male,2,1,4,Married,2,No,3,2,4,2,2,3.0,0
46.44,Sales,12.6,1188,1,Female,1,2,3,Single,6,No,3,7,2,4,3,1.5,1
34.56,Sales,2.8,1190,3,Female,3,1,1,Divorced,3,No,3,1,3,1,0,0.0,0
60.48,Other,5.6,1191,4,Female,3,5,1,Divorced,10,No,3,28,3,5,2,6.0,0
31.32,Other,8.4,1192,2,Female,3,1,4,Married,3,No,3,10,3,10,8,0.0,0
20.52,Other,12.6,1193,3,Male,3,1,1,Single,2,No,4,1,3,1,1,0.0,0
48.6,Other,9.8,1195,1,Female,3,1,3,Married,5,Yes,3,7,2,3,2,0.0,0
39.96,Other,1.4,1196,4,Female,2,2,4,Married,7,No,3,14,2,14,8,4.5,0
21.6,Other,4.2,1198,1,Male,2,1,3,Single,3,No,3,2,2,2,2,1.5,0
47.52,Other,14.0,1200,3,Male,3,1,3,Single,3,Yes,3,6,3,6,4,0.0,1
57.24,Other,9.8,1201,4,Female,3,5,3,Divorced,10,No,3,26,3,7,7,6.0,0
31.32,Other,21.0,1202,2,Female,1,1,4,Married,1,Yes,3,6,2,5,4,1.5,0
23.76,Other,4.2,1203,3,Male,2,1,4,Married,3,Yes,3,1,3,0,0,0.0,1
49.68,Sales,2.8,1204,3,Female,3,4,1,Married,10,No,4,28,3,26,15,22.5,0
47.52,Other,23.8,1206,4,Male,1,1,3,Single,1,No,3,6,3,0,0,0.0,0
35.64,Human Resources,2.8,1207,2,Male,3,1,3,Married,4,No,3,5,3,5,4,1.5,0
44.28,Other,7.0,1210,1,Male,2,1,1,Divorced,1,No,3,5,1,1,0,0.0,1
32.4,Sales,40.6,1211,3,Male,3,2,1,Divorced,4,No,3,8,3,4,3,0.0,0
43.2,Sales,2.8,1212,2,Male,3,2,2,Married,5,No,3,5,3,0,0,0.0,0
54.0,Other,2.8,1215,4,Female,3,4,1,Married,10,No,4,32,3,2,2,3.0,0
30.24,Other,26.6,1216,4,Male,2,1,1,Married,3,No,3,6,3,6,5,4.5,0
49.68,Other,21.0,1217,4,Male,3,5,2,Married,10,No,3,25,3,4,2,0.0,0
37.8,Sales,23.8,1218,3,Male,3,2,1,Married,8,Yes,3,15,3,7,7,1.5,0
25.92,Other,23.8,1219,4,Female,3,1,2,Married,1,No,3,1,1,1,0,0.0,1
35.64,Sales,35.0,1220,2,Female,3,2,3,Married,5,No,3,10,2,10,7,0.0,0
38.88,Other,8.4,1221,3,Male,1,1,3,Divorced,3,No,3,7,3,7,7,1.5,0
32.4,Other,9.8,1224,3,Male,3,2,3,Divorced,4,No,3,10,2,10,7,12.0,0
47.52,Other,40.6,1225,4,Male,3,2,4,Single,5,No,4,20,3,20,11,19.5,0
21.6,Sales,29.4,1226,3,Male,4,1,4,Single,2,No,3,2,3,2,1,3.0,0
49.68,Other,2.8,1228,4,Male,3,2,4,Divorced,8,No,3,12,2,6,3,1.5,0
45.36,Human Resources,2.8,1231,4,Male,4,2,1,Married,7,No,3,10,4,4,3,0.0,0
64.8,Sales,9.8,1233,2,Male,4,2,4,Divorced,6,Yes,3,12,3,11,7,1.5,0
34.56,Other,18.2,1234,3,Female,2,1,2,Married,3,No,4,2,3,2,2,3.0,0
34.56,Other,2.8,1235,4,Female,3,2,3,Single,6,Yes,3,10,3,8,7,0.0,0
38.88,Other,1.4,1237,3,Female,1,3,1,Divorced,9,Yes,4,17,3,7,7,10.5,0
35.64,Other,12.6,1238,1,Male,3,1,4,Married,3,No,3,15,3,14,10,6.0,0
43.2,Sales,14.0,1239,2,Female,2,2,2,Divorced,7,No,3,7,4,5,1,1.5,0
27.0,Sales,14.0,1240,3,Male,3,2,4,Single,6,No,3,5,3,4,3,1.5,0
32.4,Other,1.4,1241,4,Male,3,1,2,Married,4,Yes,4,12,3,11,9,7.5,0
45.36,Other,36.4,1242,1,Female,3,3,1,Married,9,Yes,3,20,3,1,0,0.0,0
37.8,Sales,11.2,1243,3,Female,2,3,4,Married,9,Yes,3,16,2,13,2,6.0,0
29.16,Other,19.6,1244,1,Male,3,1,1,Married,1,Yes,3,9,2,9,7,9.0,0
58.32,Other,1.4,1245,4,Female,3,3,3,Divorced,9,No,3,33,1,5,4,1.5,0
47.52,Other,2.8,1246,1,Female,4,1,4,Married,1,No,3,10,3,10,5,10.5,0
20.52,Other,14.0,1248,1,Female,2,1,2,Single,1,Yes,4,1,4,1,1,0.0,1
31.32,Other,1.4,1249,1,Female,3,1,4,Divorced,4,No,3,3,3,3,2,1.5,0
58.32,Other,4.2,1250,4,Male,3,4,4,Married,10,No,3,36,3,10,9,0.0,0
33.48,Other,15.4,1251,3,Male,3,2,1,Married,7,Yes,3,6,2,6,5,0.0,0
33.48,Other,33.6,1252,3,Female,2,2,1,Single,7,No,3,10,3,10,9,1.5,0
63.72,Sales,4.2,1254,3,Female,2,2,4,Single,6,No,3,13,3,6,1,0.0,0
46.44,Other,4.2,1255,3,Male,1,5,4,Married,10,No,3,25,3,8,7,0.0,0
52.92,Other,5.6,1256,1,Male,2,5,3,Married,10,No,3,23,4,1,0,0.0,0
38.88,Other,4.2,1257,3,Male,3,1,2,Married,4,No,3,12,2,11,10,0.0,0
51.84,Other,2.8,1258,4,Male,4,1,2,Single,2,No,3,7,2,1,0,0.0,0
29.16,Other,5.6,1259,1,Male,3,1,3,Divorced,2,No,3,5,3,5,3,0.0,0
31.32,Other,9.8,1260,3,Male,3,2,4,Divorced,7,Yes,3,6,3,6,0,1.5,0
51.84,Other,1.4,1263,4,Male,2,5,4,Single,10,No,3,25,4,1,0,0.0,0
31.32,Other,1.4,1264,4,Female,2,4,4,Divorced,10,No,3,9,2,7,7,1.5,0
36.72,Other,28.0,1265,3,Female,4,1,3,Married,2,No,3,2,2,1,0,0.0,0
47.52,Sales,7.0,1267,2,Male,3,5,2,Married,10,No,3,26,3,22,9,4.5,0
35.64,Sales,14.0,1268,4,Male,4,3,3,Divorced,8,Yes,3,10,3,9,8,0.0,0
20.52,Other,35.0,1269,2,Female,4,1,4,Single,3,Yes,3,1,3,1,0,0.0,0
24.84,Other,1.4,1270,4,Male,3,1,3,Married,1,No,4,1,3,1,0,0.0,0
27.0,Sales,33.6,1273,3,Male,1,1,4,Single,1,Yes,3,1,3,1,0,1.5,1
28.08,Other,5.6,1275,3,Male,3,1,4,Single,3,Yes,4,8,2,8,5,3.0,0
48.6,Sales,2.8,1277,1,Female,1,5,2,Single,10,Yes,3,26,3,24,10,1.5,1
59.4,Other,11.2,1278,4,Male,2,4,2,Divorced,9,Yes,3,34,3,33,9,22.5,0
22.68,Other,14.0,1279,1,Female,2,1,3,Single,2,No,4,2,1,2,2,3.0,1
49.68,Sales,5.6,1280,4,Female,2,5,2,Married,10,No,3,26,3,11,4,0.0,0
36.72,Sales,2.8,1281,3,Female,3,2,1,Single,5,Yes,3,4,3,3,2,0.0,0
55.08,Sales,12.6,1282,4,Male,3,5,2,Divorced,10,Yes,4,31,2,29,10,16.5,0
63.72,Other,25.2,1283,4,Male,3,3,4,Single,9,No,3,25,2,9,7,7.5,0
36.72,Other,26.6,1285,3,Female,3,2,2,Divorced,5,No,3,15,4,11,8,7.5,0
30.24,Other,1.4,1286,4,Male,3,1,3,Single,1,Yes,3,5,2,4,2,0.0,0
47.52,Other,5.6,1288,3,Male,4,5,1,Divorced,10,No,3,26,2,25,9,21.0,0
36.72,Human Resources,15.4,1289,3,Male,2,2,2,Married,5,No,3,14,4,10,9,1.5,0
37.8,Other,8.4,1291,3,Male,3,1,3,Married,4,Yes,3,4,3,3,2,3.0,0
45.36,Other,9.8,1292,2,Female,4,2,2,Married,2,Yes,3,18,3,1,0,0.0,0
46.44,Sales,5.6,1293,4,Female,2,3,4,Single,9,No,3,23,4,21,7,22.5,0
38.88,Other,2.8,1294,3,Female,3,2,2,Single,6,Yes,3,18,3,16,14,7.5,0
47.52,Other,21.0,1295,1,Female,3,3,4,Married,8,No,3,10,3,10,7,0.0,1
30.24,Other,2.8,1296,4,Male,2,1,4,Married,4,Yes,3,2,3,2,2,3.0,0
55.08,Other,8.4,1297,2,Female,2,1,3,Single,3,No,3,8,2,7,0,10.5,0
32.4,Other,12.6,1298,3,Female,3,2,3,Single,5,Yes,3,10,3,8,4,1.5,0
31.32,Other,9.8,1299,2,Female,3,1,3,Divorced,4,Yes,3,10,3,7,7,10.5,1
30.24,Other,1.4,1301,4,Male,3,1,1,Single,1,No,3,5,2,3,2,1.5,0
27.0,Other,1.4,1303,4,Female,3,1,2,Single,1,No,3,2,2,2,2,3.0,0
34.56,Sales,11.2,1304,3,Male,4,2,4,Married,7,No,3,10,4,10,7,0.0,0
48.6,Other,35.0,1306,2,Female,3,5,2,Single,10,No,4,22,3,0,0,0.0,0
42.12,Other,18.2,1307,3,Female,2,4,2,Divorced,10,Yes,3,21,3,19,9,22.5,0
62.64,Other,32.2,1308,1,Male,3,1,3,Divorced,2,No,3,2,3,2,2,3.0,0
34.56,Other,9.8,1309,4,Male,3,2,3,Married,5,No,3,10,3,10,4,1.5,1
42.12,Other,32.2,1310,3,Male,3,1,1,Single,4,No,3,6,3,5,2,0.0,1
32.4,Other,8.4,1311,1,Female,2,2,4,Married,5,No,3,10,3,9,2,9.0,0
38.88,Other,14.0,1312,4,Female,3,3,3,Married,8,No,3,10,3,7,7,1.5,0
49.68,Human Resources,1.4,1314,4,Female,3,1,1,Single,4,No,3,10,4,7,6,7.5,0
30.24,Other,1.4,1315,3,Female,1,2,4,Married,7,No,3,10,3,9,8,10.5,0
54.0,Other,39.2,1317,4,Female,3,4,1,Married,10,Yes,3,25,3,3,2,1.5,0
43.2,Sales,35.0,1318,4,Male,2,3,2,Single,8,Yes,3,9,3,5,4,1.5,1
56.16,Sales,7.0,1319,2,Male,3,3,2,Single,8,Yes,3,10,2,8,7,10.5,1
32.4,Other,23.8,1321,2,Female,3,3,1,Married,9,Yes,4,9,3,9,1,0.0,0
42.12,Other,25.2,1322,1,Male,3,2,3,Single,5,No,3,9,3,8,7,1.5,0
33.48,Sales,2.8,1324,4,Female,3,3,3,Divorced,8,Yes,3,10,2,10,8,13.5,0
44.28,Sales,14.0,1329,3,Male,1,2,2,Single,7,No,3,19,3,19,2,16.5,0
33.48,Sales,1.4,1331,4,Female,3,1,2,Single,1,Yes,3,3,4,3,2,3.0,1
47.52,Other,4.2,1333,1,Male,3,1,1,Married,2,No,3,10,4,3,2,1.5,1
45.36,Other,2.8,1334,3,Male,3,4,3,Married,10,Yes,3,21,2,20,8,3.0,0
59.4,Other,2.8,1336,4,Female,1,5,3,Married,10,No,3,23,3,19,9,13.5,0
60.48,Human Resources,11.2,1338,4,Male,3,5,2,Single,10,No,3,36,3,7,3,10.5,0
43.2,Other,22.4,1340,3,Male,3,1,3,Divorced,4,No,3,6,3,4,2,0.0,0
36.72,Other,12.6,1344,4,Male,3,3,4,Divorced,8,No,3,10,2,9,7,1.5,0
43.2,Other,2.8,1346,3,Male,3,2,4,Single,5,No,3,9,3,9,8,12.0,0
44.28,Sales,1.4,1349,3,Female,3,2,1,Divorced,4,No,3,10,3,9,3,1.5,0
37.8,Other,5.6,1350,3,Male,3,2,3,Single,5,Yes,3,9,3,9,6,1.5,0
55.08,Human Resources,7.0,1352,3,Male,3,4,2,Divorced,10,Yes,3,33,3,33,9,0.0,0
41.04,Sales,2.8,1355,2,Female,3,2,1,Divorced,8,No,3,11,3,7,7,1.5,0
36.72,Sales,21.0,1356,3,Female,3,2,1,Single,7,No,3,10,4,10,8,13.5,0
27.0,Other,26.6,1358,4,Male,3,1,4,Married,4,No,3,7,2,3,2,1.5,0
62.64,Other,9.8,1360,3,Female,2,3,1,Married,9,Yes,3,31,2,10,9,7.5,1
43.2,Other,1.4,1361,2,Male,3,1,2,Married,2,No,4,7,3,4,2,0.0,0
38.88,Sales,9.8,1362,1,Female,4,2,1,Married,5,No,3,17,2,15,7,9.0,0
51.84,Other,5.6,1363,4,Male,3,3,4,Single,8,No,3,11,3,10,9,0.0,0
29.16,Sales,15.4,1364,3,Female,4,1,4,Married,2,No,3,5,3,1,0,0.0,0
55.08,Other,15.4,1367,4,Female,2,4,2,Single,9,No,3,29,2,5,2,0.0,0
19.44,Other,1.4,1368,4,Female,3,1,4,Single,1,No,3,0,4,0,0,0.0,0
37.8,Other,1.4,1369,4,Female,2,2,4,Married,6,No,3,10,3,9,7,0.0,0
29.16,Sales,2.8,1371,4,Male,1,2,4,Single,6,No,4,8,3,6,2,0.0,0
59.4,Sales,18.2,1372,1,Male,4,4,3,Single,9,Yes,3,24,2,19,7,4.5,1
60.48,Other,32.2,1373,4,Male,3,4,2,Married,9,Yes,3,33,3,19,16,22.5,0
36.72,Other,36.4,1374,1,Female,2,1,3,Divorced,1,No,4,5,3,5,4,0.0,0
43.2,Other,2.8,1375,2,Female,4,2,3,Divorced,7,No,4,15,3,12,11,16.5,0
36.72,Other,40.6,1377,2,Male,3,2,3,Married,6,No,3,10,3,8,7,10.5,0
33.48,Sales,2.8,1379,3,Female,2,1,4,Single,3,No,3,3,4,1,0,0.0,1
37.8,Sales,25.2,1380,4,Female,3,2,3,Married,5,Yes,3,5,2,4,2,4.5,1
41.04,Other,9.8,1382,4,Male,4,1,3,Divorced,2,No,3,4,3,4,2,0.0,0
36.72,Other,2.8,1383,3,Female,3,2,4,Single,7,No,3,14,4,14,11,6.0,0
30.24,Sales,36.4,1387,3,Male,2,2,1,Married,5,No,3,5,3,5,3,0.0,0
33.48,Other,30.8,1389,4,Male,3,2,3,Married,7,Yes,3,10,2,10,2,9.0,1
42.12,Sales,29.4,1390,1,Male,2,2,4,Married,7,Yes,3,8,4,5,4,1.5,0
55.08,Sales,2.8,1391,2,Male,3,3,2,Married,9,No,3,14,3,4,2,4.5,0
44.28,Other,30.8,1392,4,Female,3,2,4,Divorced,6,Yes,3,12,2,6,2,4.5,0
39.96,Other,5.6,1394,3,Male,3,1,3,Married,3,Yes,3,8,3,6,4,1.5,0
35.64,Sales,7.0,1395,2,Male,3,2,4,Married,9,No,3,8,4,5,4,1.5,0
34.56,Sales,2.8,1396,3,Male,3,2,2,Married,4,Yes,3,4,2,3,2,1.5,0
42.12,Other,35.0,1397,3,Male,3,3,3,Married,9,No,4,13,3,6,4,0.0,0
27.0,Sales,25.2,1399,1,Male,4,2,3,Married,7,No,3,6,2,3,2,1.5,0
56.16,Other,39.2,1401,4,Female,4,4,3,Married,9,Yes,3,24,2,5,3,0.0,0
46.44,Other,8.4,1402,1,Female,2,2,3,Single,4,Yes,3,20,1,20,7,1.5,0
29.16,Sales,14.0,1403,4,Female,2,2,4,Married,7,Yes,3,6,3,6,2,6.0,0
29.16,Other,23.8,1405,4,Female,3,1,3,Single,2,Yes,3,8,3,8,2,10.5,1
28.08,Other,2.8,1407,1,Male,2,1,4,Single,4,No,3,5,3,4,3,1.5,0
45.36,Human Resources,14.0,1408,3,Female,3,4,1,Married,10,No,3,21,3,20,7,0.0,0
56.16,Other,11.2,1409,3,Female,3,1,1,Married,3,No,3,12,1,5,4,0.0,0
39.96,Other,15.4,1411,1,Female,3,1,3,Single,4,No,3,8,3,3,2,0.0,0
37.8,Other,25.2,1412,3,Male,3,3,4,Single,8,No,3,10,3,2,2,3.0,0
27.0,Other,1.4,1415,1,Male,3,1,4,Married,3,No,3,7,2,3,2,0.0,0
28.08,Other,9.8,1417,3,Male,4,1,1,Single,4,No,3,8,3,7,7,0.0,0
31.32,Human Resources,23.8,1419,2,Male,2,3,1,Single,8,No,3,10,2,10,9,0.0,0
52.92,Other,39.2,1420,1,Male,2,2,1,Single,5,No,4,20,3,4,3,1.5,1
31.32,Other,19.6,1421,3,Female,3,3,4,Single,8,Yes,3,9,3,8,7,10.5,1
58.32,Other,1.4,1422,4,Female,3,4,4,Single,10,No,3,29,2,20,7,18.0,0
62.64,Other,1.4,1423,4,Female,3,5,1,Married,10,Yes,4,32,3,9,8,1.5,0
59.4,Other,1.4,1424,2,Male,4,4,4,Divorced,10,No,3,31,4,7,7,0.0,0
38.88,Sales,4.2,1425,1,Female,3,2,2,Single,8,Yes,3,15,3,5,4,0.0,0
33.48,Sales,1.4,1427,2,Female,1,1,3,Single,1,No,3,1,3,1,0,0.0,1
32.4,Sales,9.8,1428,4,Female,3,2,1,Divorced,5,No,3,8,3,3,2,0.0,0
33.48,Other,11.2,1430,1,Female,3,4,2,Single,10,No,3,9,4,3,2,1.5,0
36.72,Other,1.4,1431,4,Male,3,1,1,Divorced,3,No,3,10,3,4,3,1.5,0
33.48,Other,11.2,1433,1,Female,2,1,2,Single,1,No,3,1,4,1,0,0.0,1
29.16,Other,15.4,1434,2,Male,3,1,1,Married,1,No,3,6,4,5,0,1.5,0
38.88,Other,5.6,1435,1,Male,2,2,4,Single,7,No,3,10,2,10,4,1.5,0
38.88,Sales,22.4,1436,3,Female,2,2,1,Married,6,No,3,11,2,3,2,0.0,0
50.76,Other,1.4,1438,1,Male,3,1,4,Married,4,No,3,17,2,6,5,1.5,0
27.0,Sales,12.6,1439,1,Male,2,1,1,Married,5,No,3,6,3,3,2,3.0,1
39.96,Other,7.0,1440,3,Male,4,1,3,Single,4,No,3,7,1,6,5,1.5,0
60.48,Other,1.4,1441,1,Female,3,1,1,Married,1,No,4,5,4,3,2,1.5,0
50.76,Other,2.8,1443,1,Female,3,4,3,Married,10,No,3,26,4,20,17,7.5,0
25.92,Sales,5.6,1445,4,Female,3,2,3,Married,4,Yes,3,5,3,5,4,0.0,0
34.56,Sales,9.8,1446,4,Male,3,2,4,Married,8,No,3,7,2,4,3,0.0,0
36.72,Other,1.4,1447,4,Female,2,1,2,Married,3,No,3,7,2,5,4,0.0,0
44.28,Other,7.0,1448,2,Male,4,1,3,Married,1,Yes,3,7,2,4,2,0.0,0
43.2,Other,12.6,1449,3,Male,3,2,3,Divorced,4,No,3,11,4,8,7,0.0,0
33.48,Sales,11.2,1453,1,Male,3,3,4,Divorced,9,No,3,13,3,13,7,13.5,0
49.68,Sales,12.6,1457,1,Male,3,3,4,Divorced,9,No,3,28,4,7,7,6.0,1
42.12,Other,2.8,1458,1,Female,2,1,1,Single,4,Yes,4,11,4,1,0,0.0,1
33.48,Other,1.4,1459,3,Female,4,3,2,Single,8,No,3,10,3,10,8,6.0,1
48.6,Other,28.0,1460,2,Male,1,3,1,Divorced,9,Yes,3,24,3,7,7,0.0,0
33.48,Human Resources,11.2,1461,4,Female,4,1,2,Single,1,No,3,8,3,3,2,0.0,0
33.48,Other,2.8,1464,2,Male,3,1,4,Married,4,Yes,3,7,1,2,2,3.0,1
48.6,Other,40.6,1465,2,Male,3,3,4,Married,8,Yes,3,10,4,3,1,1.5,0
51.84,Sales,9.8,1466,3,Male,3,2,1,Divorced,6,No,3,15,3,2,2,3.0,0
36.72,Human Resources,12.6,1467,1,Female,3,1,3,Married,3,No,3,2,3,2,2,3.0,1
43.2,Other,11.2,1468,4,Male,2,3,2,Divorced,9,No,3,16,3,9,8,6.0,0
30.24,Sales,7.0,1469,4,Male,3,2,1,Single,8,No,3,6,3,5,4,1.5,0
47.52,Other,7.0,1471,3,Male,2,1,3,Single,3,No,3,7,3,5,2,0.0,0
57.24,Other,2.8,1472,4,Male,4,4,2,Single,10,No,3,35,2,9,8,12.0,0
52.92,Other,7.0,1473,1,Male,3,2,3,Married,7,No,3,20,2,3,2,1.5,0
43.2,Other,2.8,1474,3,Male,3,1,3,Divorced,2,No,3,8,4,3,1,1.5,0
47.52,Other,28.0,1475,4,Male,3,1,2,Single,4,No,3,6,2,5,2,1.5,0
35.64,Sales,9.8,1477,4,Male,3,2,1,Married,5,No,3,5,3,4,3,0.0,0
36.72,Sales,4.2,1478,4,Male,1,2,1,Single,5,No,3,15,3,13,9,4.5,0
32.4,Sales,22.4,1479,4,Male,3,2,3,Married,6,No,3,4,2,2,1,3.0,0
45.36,Other,12.6,1480,1,Female,3,1,4,Single,4,No,3,12,3,12,9,7.5,0
47.52,Sales,1.4,1481,1,Female,3,2,3,Married,5,No,3,11,2,1,0,0.0,0
32.4,Other,9.8,1482,3,Male,3,1,3,Divorced,1,No,3,1,2,1,0,0.0,0
61.56,Other,1.4,1483,2,Male,4,2,3,Married,5,No,4,13,2,12,9,3.0,0
52.92,Other,9.8,1484,3,Male,3,3,2,Divorced,9,No,3,29,3,8,7,0.0,0
36.72,Other,21.0,1485,2,Male,3,4,1,Divorced,10,No,3,16,2,14,8,9.0,0
30.24,Sales,1.4,1486,1,Male,3,1,3,Married,3,No,3,5,4,3,2,1.5,1
31.32,Sales,18.2,1487,1,Female,3,2,2,Single,7,No,3,7,1,5,3,0.0,1
36.72,Sales,33.6,1489,1,Female,2,2,2,Single,5,Yes,4,16,4,15,9,15.0,1
37.8,Sales,9.8,1492,4,Male,3,1,3,Married,2,No,3,1,3,1,0,0.0,0
25.92,Other,12.6,1494,2,Male,3,1,1,Single,3,Yes,3,4,2,0,0,0.0,1
25.92,Sales,18.2,1495,4,Female,3,1,2,Married,1,No,3,1,3,1,0,0.0,0
47.52,Other,2.8,1496,2,Male,3,3,3,Single,9,Yes,3,16,2,2,2,3.0,0
31.32,Sales,26.6,1497,3,Male,2,2,3,Divorced,8,No,3,10,3,10,7,0.0,0
32.4,Human Resources,1.4,1499,3,Male,3,1,3,Divorced,1,No,4,6,4,5,3,1.5,0
59.4,Other,5.6,1501,4,Male,3,2,3,Married,4,Yes,3,4,3,3,2,1.5,0
35.64,Other,5.6,1502,1,Female,2,1,2,Married,4,No,3,8,3,5,4,0.0,0
50.76,Sales,19.6,1503,3,Female,3,2,3,Married,5,Yes,3,11,2,5,4,1.5,0
30.24,Other,2.8,1504,3,Male,2,1,1,Single,2,No,3,8,2,0,0,0.0,1
30.24,Other,1.4,1506,1,Male,2,1,3,Divorced,1,No,3,1,1,1,0,0.0,0
30.24,Sales,9.8,1507,3,Male,3,2,1,Single,5,No,3,5,3,4,2,1.5,0
52.92,Other,4.2,1509,3,Female,2,2,1,Married,5,No,4,10,3,3,2,1.5,0
31.32,Other,2.8,1513,4,Female,3,1,2,Married,3,No,3,4,3,3,2,0.0,0
30.24,Other,40.6,1514,3,Male,1,2,2,Married,7,No,3,8,2,8,6,1.5,0
35.64,Other,11.2,1515,4,Male,3,2,3,Single,7,Yes,3,14,3,0,0,0.0,0
34.56,Other,14.0,1516,3,Male,3,3,4,Single,9,No,4,10,4,5,2,0.0,0
58.32,Other,15.4,1520,2,Female,3,4,4,Divorced,10,No,4,26,3,14,9,1.5,0
31.32,Other,1.4,1522,1,Male,2,1,1,Single,2,No,3,11,1,9,7,0.0,1
47.52,Other,39.2,1523,4,Male,3,4,1,Married,10,No,3,24,4,20,6,21.0,0
42.12,Other,8.4,1525,2,Female,3,3,2,Single,8,No,3,9,3,2,0,3.0,0
49.68,Sales,4.2,1527,3,Female,3,4,2,Married,10,No,3,23,4,13,12,7.5,0
37.8,Other,22.4,1529,4,Female,2,3,2,Single,8,No,3,11,1,11,8,4.5,0
24.84,Other,28.0,1533,1,Male,3,2,3,Single,1,No,3,5,3,4,3,1.5,0
43.2,Other,12.6,1534,4,Male,3,1,1,Single,1,No,3,15,1,5,4,1.5,1
36.72,Sales,1.4,1535,4,Male,2,3,3,Married,8,Yes,3,10,3,10,9,12.0,0
33.48,Other,4.2,1537,4,Female,3,1,3,Single,4,No,3,7,1,7,2,10.5,1
54.0,Other,30.8,1539,3,Male,1,4,4,Single,10,Yes,3,32,3,32,6,19.5,0
36.72,Sales,9.8,1541,2,Male,3,1,3,Married,1,Yes,4,12,3,11,10,7.5,0
45.36,Other,2.8,1542,3,Male,2,1,2,Married,5,No,3,4,3,1,0,0.0,0
39.96,Other,18.2,1543,1,Male,3,2,4,Married,5,No,3,10,3,10,8,4.5,0
31.32,Other,11.2,1544,3,Female,1,2,1,Married,8,No,3,9,3,7,7,0.0,0
35.64,Other,35.0,1545,4,Male,2,2,2,Single,5,No,3,5,3,5,3,0.0,0
48.6,Other,39.2,1546,4,Male,3,1,4,Married,1,No,4,8,3,5,4,0.0,0
45.36,Other,2.8,1547,4,Male,3,3,4,Married,9,Yes,3,24,1,20,8,19.5,0
43.2,Sales,12.6,1548,1,Male,3,2,1,Married,6,No,3,9,4,8,4,10.5,0
35.64,Other,39.2,1549,2,Male,3,2,3,Married,6,Yes,3,15,3,15,14,7.5,0
43.2,Human Resources,8.4,1550,3,Male,3,4,4,Single,10,Yes,4,21,3,21,7,10.5,0
25.92,Other,29.4,1551,3,Male,2,1,1,Divorced,1,No,3,2,3,1,1,0.0,0
43.2,Other,11.2,1552,4,Male,3,2,4,Divorced,4,Yes,3,8,3,2,2,3.0,0
48.6,Other,1.4,1553,1,Male,3,3,2,Divorced,8,No,3,10,3,10,8,10.5,0
37.8,Sales,39.2,1554,2,Female,2,1,3,Married,2,No,4,6,3,5,3,6.0,0
34.56,Other,7.0,1555,4,Female,2,2,2,Married,7,No,3,12,3,7,1,3.0,0
38.88,Sales,2.8,1556,3,Male,3,1,4,Single,2,Yes,4,7,2,3,2,1.5,0
51.84,Sales,22.4,1557,3,Female,3,2,3,Divorced,7,No,3,18,3,8,7,10.5,0
31.32,Other,12.6,1558,3,Male,4,1,3,Married,2,No,3,5,2,1,0,0.0,0
35.64,Sales,11.2,1560,1,Male,3,2,1,Married,7,No,3,8,1,2,2,3.0,0
32.4,Sales,1.4,1562,2,Male,2,2,1,Married,8,No,3,10,3,10,8,9.0,1
41.04,Human Resources,14.0,1563,3,Male,3,2,3,Married,7,No,3,10,3,6,3,1.5,0
37.8,Other,1.4,1564,4,Male,2,1,1,Single,2,No,3,3,3,3,0,1.5,0
32.4,Sales,40.6,1568,3,Male,3,3,2,Married,8,No,3,9,3,4,2,1.5,0
37.8,Other,2.8,1569,1,Female,3,1,1,Divorced,1,Yes,3,1,3,1,0,0.0,1
57.24,Other,2.8,1572,3,Female,2,3,4,Married,9,No,3,34,3,33,7,1.5,1
41.04,Other,2.8,1573,3,Male,3,2,2,Married,5,No,3,7,3,5,2,1.5,1
34.56,Other,1.4,1574,4,Male,3,2,1,Married,4,No,3,9,2,6,5,1.5,0
51.84,Other,21.0,1576,3,Female,3,1,1,Married,2,No,3,10,2,8,2,10.5,0
36.72,Other,9.8,1577,1,Male,3,1,4,Single,3,No,3,1,1,1,0,0.0,0
59.4,Sales,36.4,1578,3,Male,2,5,4,Married,10,No,4,36,3,36,6,3.0,0
36.72,Other,1.4,1580,2,Male,3,2,4,Married,6,No,3,9,2,2,2,3.0,0
28.08,Other,4.2,1581,1,Female,3,1,4,Married,1,No,4,1,3,1,0,0.0,0
41.04,Sales,19.6,1582,3,Male,3,2,2,Married,9,No,3,10,3,9,8,10.5,0
41.04,Sales,22.4,1583,2,Female,3,2,2,Single,4,No,3,8,4,3,2,1.5,0
38.88,Sales,1.4,1585,2,Female,3,2,3,Single,7,No,3,15,3,1,0,0.0,0
31.32,Other,4.2,1586,2,Male,3,1,1,Single,5,Yes,3,10,3,10,9,1.5,0
37.8,Other,14.0,1587,1,Female,3,2,3,Single,7,Yes,3,10,3,5,2,0.0,0
42.12,Sales,8.4,1588,4,Male,4,3,3,Married,8,No,3,11,3,7,6,10.5,0
31.32,Other,2.8,1590,1,Male,3,2,4,Divorced,8,No,3,6,4,6,4,1.5,0
54.0,Sales,12.6,1591,3,Male,3,5,3,Married,10,Yes,3,27,3,1,0,0.0,0
24.84,Other,14.0,1592,4,Male,4,1,3,Married,1,No,3,4,3,2,2,3.0,0
38.88,Other,8.4,1594,1,Male,4,2,1,Married,6,Yes,3,9,3,3,2,0.0,0
45.36,Other,12.6,1595,4,Male,2,5,4,Single,10,No,4,24,3,1,0,0.0,0
37.8,Other,39.2,1596,2,Male,4,2,3,Married,4,No,3,10,2,10,9,9.0,0
36.72,Other,14.0,1597,4,Male,2,2,3,Married,6,No,3,8,2,8,2,10.5,0
43.2,Sales,19.6,1598,4,Female,3,2,1,Married,5,No,3,5,3,5,4,1.5,0
46.44,Other,37.8,1599,4,Male,4,1,2,Divorced,5,No,3,8,3,6,4,0.0,0
37.8,Other,9.8,1601,3,Male,2,1,4,Married,2,No,3,1,2,1,0,0.0,0
49.68,Sales,1.4,1602,4,Male,4,4,1,Single,10,No,3,27,1,26,0,0.0,0
30.24,Other,33.6,1604,3,Male,3,1,2,Married,2,Yes,3,1,3,1,1,0.0,1
23.76,Other,36.4,1605,2,Female,2,1,3,Married,3,Yes,3,4,2,4,2,1.5,0
54.0,Other,28.0,1606,2,Male,3,4,3,Married,9,Yes,3,32,3,30,8,18.0,0
34.56,Other,7.0,1607,2,Female,4,1,4,Married,3,No,3,6,3,3,2,0.0,0
47.52,Other,9.8,1608,2,Female,3,5,4,Divorced,10,Yes,3,23,2,22,7,1.5,0
32.4,Other,9.8,1609,2,Male,2,1,2,Married,1,No,3,6,2,6,4,1.5,0
48.6,Other,7.0,1611,3,Female,1,2,1,Single,7,Yes,3,10,3,10,7,1.5,0
48.6,Sales,36.4,1612,1,Male,2,2,1,Married,5,No,3,10,3,10,7,6.0,0
33.48,Sales,2.8,1613,4,Male,3,2,1,Single,6,No,3,10,3,5,2,0.0,0
38.88,Other,16.8,1614,3,Female,3,2,3,Married,5,Yes,3,7,3,3,2,1.5,0
36.72,Other,14.0,1615,3,Male,4,2,4,Divorced,5,No,3,9,3,9,7,10.5,0
52.92,Other,35.0,1617,3,Female,3,1,1,Married,3,No,3,10,2,9,6,1.5,0
42.12,Other,14.0,1618,2,Male,3,2,1,Married,6,No,3,10,3,7,7,10.5,0
29.16,Other,26.6,1619,4,Male,2,1,1,Divorced,4,No,3,7,3,7,7,0.0,0
37.8,Other,25.2,1621,2,Male,4,2,1,Married,6,No,3,16,3,16,15,1.5,0
30.24,Other,37.8,1622,2,Female,1,2,1,Divorced,5,No,4,6,2,5,3,0.0,0
22.68,Other,7.0,1623,3,Male,3,1,4,Single,3,No,3,3,3,2,2,3.0,0
19.44,Sales,4.2,1624,2,Female,3,1,4,Single,1,Yes,3,0,4,0,0,0.0,1
50.76,Human Resources,36.4,1625,4,Female,3,5,3,Married,10,No,3,27,3,5,2,1.5,0
42.12,Other,4.2,1627,3,Male,2,2,3,Divorced,3,No,3,11,3,10,8,0.0,0
43.2,Other,21.0,1628,1,Female,2,3,3,Married,9,No,3,18,3,18,15,21.0,0
37.8,Other,11.2,1630,3,Female,3,2,3,Married,4,No,3,15,3,14,11,3.0,0
39.96,Other,26.6,1631,3,Male,3,2,3,Married,7,No,3,9,2,4,3,0.0,0
42.12,Other,5.6,1633,1,Female,3,2,3,Single,6,No,3,10,1,9,2,4.5,0
48.6,Other,2.8,1635,4,Female,2,2,4,Divorced,7,No,3,10,3,10,7,4.5,0
41.04,Other,2.8,1638,4,Female,2,3,3,Married,8,Yes,3,10,4,5,4,0.0,0
37.8,Sales,14.0,1639,4,Male,2,3,1,Married,9,No,3,15,3,13,12,9.0,1
39.96,Other,14.0,1640,2,Female,3,1,2,Married,4,No,3,8,1,8,4,10.5,0
43.2,Other,22.4,1641,3,Female,3,3,4,Single,8,Yes,3,18,2,4,2,4.5,0
47.52,Human Resources,1.4,1642,1,Male,3,2,4,Married,6,Yes,3,14,3,10,7,0.0,0
51.84,Other,5.6,1644,3,Male,2,4,4,Married,10,No,4,23,3,2,2,3.0,0
37.8,Sales,21.0,1645,1,Male,1,2,4,Divorced,6,Yes,3,7,2,2,2,3.0,1
25.92,Other,2.8,1646,1,Female,3,1,4,Single,4,Yes,3,6,3,6,3,1.5,0
29.16,Other,11.2,1647,2,Female,4,1,3,Married,4,No,3,5,3,3,2,0.0,0
29.16,Other,2.8,1648,4,Male,3,1,4,Single,2,No,3,6,2,4,2,1.5,0
43.2,Other,9.8,1649,1,Male,3,1,1,Single,1,Yes,3,10,1,4,2,0.0,1
31.32,Sales,14.0,1650,3,Male,2,2,3,Single,7,No,3,8,3,5,2,1.5,0
38.88,Other,7.0,1651,2,Female,3,3,1,Married,8,No,3,9,3,3,2,0.0,0
27.0,Other,2.8,1653,4,Male,4,2,3,Divorced,6,No,3,7,3,7,7,0.0,0
42.12,Other,16.8,1654,4,Male,3,2,2,Married,6,No,4,7,3,5,4,1.5,0
52.92,Other,30.8,1655,1,Female,3,4,2,Married,10,No,3,27,3,4,2,1.5,0
54.0,Other,23.8,1656,4,Female,2,3,1,Divorced,9,No,3,19,3,14,11,1.5,0
21.6,Sales,2.8,1657,3,Female,3,1,3,Single,3,No,3,2,3,2,2,3.0,0
36.72,Other,4.2,1658,4,Female,3,2,2,Divorced,6,No,3,11,3,11,8,10.5,0
38.88,Other,9.8,1659,1,Male,3,1,2,Single,1,No,3,15,3,4,3,1.5,0
52.92,Other,8.4,1661,3,Female,2,4,3,Married,10,Yes,3,30,3,15,11,3.0,0
38.88,Other,1.4,1662,4,Female,2,2,3,Married,5,No,3,4,3,3,2,1.5,0
38.88,Other,4.2,1664,4,Male,4,2,1,Divorced,7,No,4,13,3,5,4,0.0,0
58.32,Other,30.8,1665,2,Female,3,4,3,Married,10,No,4,36,3,10,8,6.0,0
46.44,Other,21.0,1666,3,Male,2,4,3,Married,10,No,4,14,3,14,10,9.0,0
37.8,Sales,16.8,1667,4,Male,3,2,4,Single,5,Yes,4,13,4,11,9,9.0,1
41.04,Other,1.4,1668,4,Male,3,2,4,Married,5,No,3,19,4,13,11,3.0,0
31.32,Sales,7.0,1669,1,Male,2,2,2,Divorced,4,Yes,3,10,2,10,0,0.0,0
35.64,Sales,2.8,1670,4,Male,3,2,4,Divorced,6,No,3,6,3,6,2,0.0,0
34.56,Other,2.8,1671,4,Male,3,2,2,Divorced,6,No,3,10,2,9,5,1.5,0
33.48,Sales,7.0,1673,1,Female,3,2,4,Married,6,No,3,10,3,10,0,0.0,0
52.92,Other,22.4,1674,4,Female,3,1,1,Divorced,2,Yes,3,17,2,2,2,3.0,0
41.04,Other,2.8,1675,4,Female,2,1,2,Single,2,No,4,4,3,4,3,4.5,0
50.76,Sales,2.8,1676,2,Female,4,4,2,Divorced,10,No,3,29,3,3,2,1.5,0
52.92,Other,1.4,1677,3,Male,3,4,3,Single,10,No,3,23,3,8,7,0.0,0
44.28,Sales,32.2,1678,4,Male,3,3,3,Single,8,Yes,3,21,3,2,0,0.0,0
21.6,Sales,12.6,1680,4,Male,3,1,1,Single,3,No,3,2,3,2,2,0.0,0
35.64,Sales,22.4,1681,3,Female,3,2,4,Divorced,6,Yes,4,7,3,6,5,1.5,0
38.88,Other,36.4,1682,1,Male,3,2,3,Married,6,No,3,10,2,3,2,0.0,0
47.52,Human Resources,1.4,1683,3,Female,3,1,4,Divorced,3,Yes,3,8,3,2,2,3.0,0
24.84,Other,11.2,1684,4,Male,2,1,3,Single,4,Yes,3,5,3,5,4,1.5,1
41.04,Other,5.6,1687,4,Female,3,1,3,Married,3,No,3,7,2,0,0,0.0,0
57.24,Other,33.6,1689,2,Male,4,3,4,Married,8,No,3,11,3,4,3,1.5,0
51.84,Sales,9.8,1691,4,Female,3,1,3,Married,2,Yes,3,19,3,9,7,10.5,1
34.56,Other,2.8,1692,4,Male,3,1,2,Single,1,No,3,1,3,1,0,0.0,1
28.08,Other,9.8,1693,4,Male,3,1,4,Single,2,No,4,7,3,7,7,7.5,0
59.4,Other,30.8,1694,1,Male,2,1,2,Divorced,4,No,3,8,3,4,2,1.5,0
36.72,Other,7.0,1696,2,Male,2,2,4,Married,4,No,3,15,4,15,10,6.0,0
64.8,Other,1.4,1697,3,Male,1,3,4,Divorced,9,No,4,19,4,1,0,0.0,0
35.64,Other,29.4,1698,2,Male,4,1,2,Married,1,No,3,14,3,14,11,3.0,0
39.96,Sales,1.4,1700,3,Male,1,2,4,Divorced,8,No,3,6,2,6,3,1.5,0
36.72,Other,26.6,1701,2,Female,2,1,4,Married,3,No,3,10,3,10,9,12.0,0
24.84,Sales,9.8,1702,3,Male,3,1,4,Divorced,1,Yes,4,3,3,3,2,0.0,1
47.52,Other,2.8,1703,3,Female,4,3,4,Married,8,Yes,3,9,3,8,7,9.0,0
37.8,Other,2.8,1704,1,Male,2,1,4,Single,6,Yes,3,6,4,5,4,1.5,0
46.44,Sales,2.8,1706,4,Male,3,2,4,Married,8,Yes,3,10,3,10,9,12.0,0
25.92,Other,12.6,1707,3,Male,4,1,3,Married,5,No,3,5,3,5,3,0.0,0
44.28,Sales,8.4,1708,4,Male,3,3,3,Single,8,No,3,10,3,10,8,12.0,0
31.32,Other,12.6,1709,4,Female,3,1,3,Married,3,No,3,9,3,5,3,1.5,0
38.88,Sales,2.8,1710,3,Female,3,2,4,Single,5,No,3,17,2,13,7,9.0,0
48.6,Other,1.4,1712,3,Male,2,3,3,Married,9,No,4,25,2,23,15,21.0,0
25.92,Human Resources,30.8,1714,4,Male,1,1,3,Married,1,No,3,1,3,1,0,0.0,1
50.76,Sales,12.6,1716,3,Male,1,4,3,Married,9,No,3,25,1,23,5,21.0,1
28.08,Other,23.8,1718,4,Male,1,1,3,Married,1,No,3,3,4,3,2,0.0,0
48.6,Other,39.2,1719,4,Female,2,4,2,Single,10,No,3,21,3,21,6,12.0,0
34.56,Other,14.0,1720,1,Male,3,1,3,Married,4,No,3,10,2,5,2,1.5,0
33.48,Other,2.8,1721,2,Male,3,1,3,Married,4,No,3,6,4,5,2,0.0,0
44.28,Human Resources,5.6,1722,3,Male,1,2,2,Married,7,No,3,10,3,3,2,1.5,0
43.2,Other,11.2,1724,2,Female,3,2,1,Married,7,Yes,3,18,3,1,0,0.0,0
25.92,Other,40.6,1725,2,Male,3,1,1,Divorced,4,No,3,6,4,6,2,1.5,0
49.68,Other,18.2,1727,3,Male,3,2,2,Single,6,No,3,19,3,10,7,0.0,0
37.8,Other,37.8,1728,4,Male,3,2,3,Married,7,No,3,17,3,7,7,0.0,0
32.4,Other,22.4,1729,2,Male,3,1,4,Married,3,No,3,10,2,10,0,0.0,0
50.76,Sales,2.8,1731,3,Male,3,2,2,Married,6,No,3,4,1,1,0,0.0,0
49.68,Sales,2.8,1732,3,Male,3,3,4,Divorced,9,Yes,3,13,2,10,6,0.0,0
38.88,Sales,18.2,1733,2,Male,2,2,1,Divorced,7,Yes,3,16,3,2,2,3.0,1
34.56,Sales,1.4,1734,1,Male,1,2,2,Single,7,No,3,10,3,0,0,0.0,1
24.84,Other,5.6,1735,3,Female,3,1,2,Single,3,No,3,3,1,3,2,1.5,0
33.48,Other,33.6,1736,4,Female,3,2,4,Single,6,No,4,9,2,5,4,1.5,0
42.12,Other,1.4,1737,4,Male,3,2,4,Married,7,Yes,3,9,3,9,8,7.5,0
34.56,Sales,26.6,1739,4,Male,1,3,3,Married,8,No,3,10,1,4,3,0.0,0
43.2,Sales,9.8,1740,2,Male,3,5,2,Single,10,No,3,21,2,21,8,18.0,0
48.6,Human Resources,5.6,1744,3,Female,1,3,3,Married,8,No,4,9,4,5,0,0.0,0
32.4,Other,2.8,1745,4,Female,2,1,1,Single,6,No,3,10,3,9,7,0.0,0
25.92,Human Resources,14.0,1746,1,Male,3,1,4,Married,1,No,3,3,3,2,2,3.0,0
32.4,Human Resources,11.2,1747,3,Female,2,1,4,Divorced,1,No,3,6,2,4,2,1.5,1
33.48,Sales,7.0,1749,1,Male,3,2,3,Married,8,No,3,6,3,5,2,0.0,0
29.16,Other,11.2,1751,3,Female,3,1,4,Single,4,No,3,6,2,6,2,1.5,0
31.32,Sales,12.6,1752,2,Female,1,1,2,Single,3,No,3,2,3,2,2,3.0,1
31.32,Other,1.4,1753,4,Male,4,2,3,Single,7,Yes,3,10,4,3,2,0.0,0
32.4,Sales,21.0,1754,3,Male,2,3,1,Divorced,8,No,3,12,3,7,7,1.5,0
36.72,Other,2.8,1755,4,Male,4,1,4,Married,3,Yes,3,6,3,5,0,1.5,0
35.64,Sales,2.8,1756,4,Female,3,2,2,Single,6,No,3,13,2,11,7,1.5,0
52.92,Sales,15.4,1757,4,Female,3,2,4,Single,5,No,3,8,4,5,1,0.0,0
35.64,Sales,22.4,1758,1,Female,3,3,1,Single,8,Yes,4,11,2,0,0,0.0,1
41.04,Other,2.8,1760,3,Female,2,1,2,Married,2,No,3,9,2,6,1,0.0,0
33.48,Sales,22.4,1761,1,Male,3,3,3,Married,8,No,3,10,3,1,0,0.0,1
31.32,Other,5.6,1762,4,Female,2,1,1,Divorced,1,No,3,1,3,1,0,0.0,0
32.4,Other,22.4,1763,3,Male,4,2,3,Married,6,No,3,10,3,7,0,1.5,0
34.56,Other,7.0,1764,2,Male,3,1,2,Single,3,No,3,12,3,7,7,0.0,0
41.04,Other,25.2,1766,2,Male,1,2,4,Married,7,Yes,3,15,3,1,0,1.5,0
46.44,Other,23.8,1767,3,Male,2,1,3,Married,2,Yes,3,6,3,1,0,0.0,1
45.36,Other,16.8,1768,2,Male,3,1,2,Divorced,3,No,4,7,2,5,3,0.0,0
59.4,Other,2.8,1770,3,Male,2,5,1,Married,10,No,3,34,3,1,0,0.0,0
35.64,Other,5.6,1771,4,Male,3,2,2,Divorced,3,No,3,11,2,9,8,1.5,0
44.28,Other,12.6,1772,3,Male,3,1,1,Divorced,1,No,4,5,3,5,3,0.0,0
36.72,Sales,14.0,1774,4,Male,3,2,3,Divorced,4,Yes,3,15,3,15,14,0.0,0
57.24,Other,1.4,1775,1,Female,2,4,3,Married,9,Yes,4,27,2,3,2,0.0,0
46.44,Human Resources,2.8,1778,2,Male,3,1,4,Single,4,No,3,10,3,9,7,1.5,0
36.72,Sales,4.2,1779,4,Female,1,2,4,Single,7,No,3,6,3,2,2,3.0,0
22.68,Sales,9.8,1780,2,Male,3,1,2,Single,2,No,3,1,3,1,0,1.5,1
41.04,Other,8.4,1782,4,Female,2,1,3,Married,4,No,3,5,3,5,4,0.0,0
23.76,Other,11.2,1783,3,Female,3,1,1,Married,2,Yes,3,1,3,1,0,0.0,1
33.48,Sales,40.6,1784,1,Female,2,2,4,Married,6,No,3,13,3,12,7,7.5,0
55.08,Other,4.2,1786,1,Female,3,3,3,Married,9,No,3,15,3,2,2,3.0,0
39.96,Sales,12.6,1787,2,Male,2,2,2,Married,4,No,3,5,3,5,2,0.0,0
49.68,Other,2.8,1789,3,Male,3,5,4,Divorced,10,Yes,3,24,3,2,1,3.0,0
38.88,Other,14.0,1790,4,Male,3,3,1,Married,8,Yes,3,15,3,12,8,7.5,0
47.52,Other,1.4,1792,3,Male,3,1,2,Divorced,2,Yes,3,6,2,5,3,3.0,1
39.96,Human Resources,11.2,1794,3,Male,3,2,2,Divorced,4,No,3,19,2,10,0,6.0,0
37.8,Sales,37.8,1797,3,Male,3,2,4,Single,7,Yes,3,10,3,10,7,10.5,1
35.64,Other,11.2,1798,4,Male,4,1,1,Married,3,No,3,14,3,10,8,10.5,0
30.24,Other,1.4,1799,3,Male,3,1,4,Married,1,No,3,5,4,5,3,0.0,0
42.12,Other,14.0,1800,3,Male,3,3,3,Single,9,No,4,9,3,4,3,3.0,0
49.68,Sales,36.4,1801,2,Male,2,2,2,Single,8,No,3,6,3,2,2,3.0,0
43.2,Other,2.8,1802,3,Female,3,1,1,Married,4,No,3,7,2,4,3,0.0,0
45.36,Other,18.2,1803,2,Male,4,2,1,Married,6,No,3,10,2,0,0,0.0,0
37.8,Other,2.8,1804,2,Male,3,2,4,Divorced,7,No,3,15,3,7,7,1.5,0
41.04,Human Resources,2.8,1805,1,Male,3,1,2,Divorced,2,No,3,13,3,11,10,4.5,0
36.72,Other,12.6,1807,4,Male,3,2,1,Married,6,No,3,11,2,7,1,0.0,1
39.96,Other,14.0,1809,4,Male,3,2,1,Single,4,No,3,10,1,10,3,0.0,1
42.12,Sales,28.0,1812,3,Male,3,2,4,Divorced,4,No,3,7,3,2,1,3.0,0
46.44,Other,12.6,1813,1,Male,3,1,3,Single,2,No,3,7,2,3,2,1.5,0
44.28,Other,7.0,1814,2,Male,4,2,2,Single,7,No,3,11,1,3,2,1.5,0
44.28,Sales,5.6,1815,3,Female,3,3,3,Divorced,9,Yes,3,23,4,22,14,19.5,0
32.4,Other,14.0,1816,1,Female,3,3,3,Single,8,No,3,9,3,7,7,0.0,0
28.08,Human Resources,28.0,1818,4,Female,3,1,2,Married,1,Yes,3,6,3,5,1,1.5,1
49.68,Other,29.4,1821,4,Female,3,2,2,Married,8,No,4,13,4,9,7,4.5,1
43.2,Other,1.4,1822,3,Female,3,2,4,Divorced,7,No,3,12,3,5,3,0.0,0
36.72,Sales,11.2,1823,2,Male,4,2,3,Married,7,No,4,10,3,10,8,6.0,0
62.64,Sales,2.8,1824,2,Male,3,4,2,Divorced,10,No,4,37,2,16,9,21.0,0
37.8,Other,32.2,1826,2,Male,1,1,3,Married,3,No,3,6,4,5,4,0.0,0
50.76,Other,5.6,1827,3,Female,2,3,2,Divorced,9,Yes,3,28,3,22,11,21.0,0
43.2,Other,16.8,1829,2,Female,3,2,1,Divorced,5,No,3,15,3,7,4,10.5,0
58.32,Other,9.8,1830,4,Female,3,2,4,Married,7,No,3,14,2,7,1,1.5,0
33.48,Sales,9.8,1833,1,Female,3,3,1,Married,8,No,3,9,3,3,2,3.0,0
30.24,Other,1.4,1834,3,Female,3,1,1,Married,4,No,4,3,3,3,2,1.5,0
41.04,Sales,2.8,1835,2,Female,1,2,4,Married,6,Yes,4,20,2,4,2,0.0,0
28.08,Sales,14.0,1836,3,Male,3,2,4,Single,5,No,3,5,3,5,3,1.5,0
62.64,Other,21.0,1837,1,Male,3,4,3,Married,10,Yes,3,23,3,2,2,3.0,0
19.44,Other,19.6,1839,2,Female,3,1,3,Single,1,No,3,0,1,0,0,0.0,0
33.48,Human Resources,25.2,1842,4,Male,4,1,1,Married,3,No,3,2,3,1,0,0.0,1
31.32,Human Resources,18.2,1844,1,Male,2,1,1,Divorced,2,Yes,3,4,3,2,2,3.0,1
48.6,Sales,2.8,1845,3,Female,3,2,3,Married,6,No,4,10,4,8,7,7.5,0
38.88,Other,2.8,1847,4,Female,3,2,2,Married,8,Yes,4,15,3,1,0,0.0,0
46.44,Sales,2.8,1849,1,Male,3,2,4,Married,6,No,4,7,3,7,7,10.5,0
29.16,Other,7.0,1850,4,Female,3,1,4,Single,2,Yes,3,6,2,5,4,0.0,0
31.32,Other,28.0,1852,4,Male,3,1,4,Married,4,No,3,11,4,11,8,4.5,0
34.56,Sales,14.0,1853,4,Male,3,2,4,Single,5,No,3,4,4,0,0,0.0,0
45.36,Other,14.0,1854,3,Male,3,1,3,Married,3,No,4,10,2,6,3,4.5,0
50.76,Other,12.6,1856,2,Female,3,1,3,Single,1,No,3,7,3,2,2,3.0,0
49.68,Other,2.8,1857,4,Male,3,3,4,Divorced,8,No,3,12,2,9,8,6.0,0
30.24,Human Resources,1.4,1858,3,Male,3,1,4,Divorced,3,No,3,3,3,3,2,3.0,0
31.32,Other,40.6,1859,4,Male,1,2,3,Divorced,7,No,3,11,3,7,0,1.5,0
45.36,Other,11.2,1860,4,Male,3,1,3,Single,4,No,3,8,3,0,0,0.0,0
34.56,Sales,2.8,1862,3,Male,2,2,2,Single,9,Yes,3,7,2,2,2,3.0,1
49.68,Sales,4.2,1863,1,Female,4,4,1,Divorced,9,No,3,25,3,19,17,3.0,0
29.16,Sales,32.2,1864,2,Female,2,2,3,Married,4,No,4,9,3,9,8,7.5,0
31.32,Human Resources,8.4,1865,4,Male,2,1,2,Married,3,No,3,1,3,1,0,0.0,0
46.44,Other,8.4,1866,1,Female,2,5,3,Married,10,No,3,21,3,16,12,9.0,0
51.84,Other,14.0,1867,4,Male,2,5,2,Married,10,No,3,29,3,22,10,18.0,0
31.32,Other,33.6,1868,4,Male,2,1,4,Single,2,Yes,4,1,2,1,0,1.5,1
49.68,Sales,14.0,1869,3,Female,3,3,2,Married,8,No,4,14,3,8,7,0.0,1
29.16,Other,21.0,1870,4,Female,2,1,1,Married,5,No,3,8,2,7,6,10.5,0
42.12,Other,26.6,1871,4,Male,3,2,4,Divorced,4,No,3,7,3,2,2,3.0,0
59.4,Other,2.8,1873,2,Male,2,1,4,Married,2,No,4,19,4,5,2,0.0,0
30.24,Sales,4.2,1875,2,Female,3,1,2,Married,3,No,3,1,3,1,0,0.0,0
32.4,Sales,12.6,1876,2,Male,3,1,4,Single,1,No,3,1,2,1,0,0.0,1
23.76,Other,9.8,1878,4,Male,3,1,2,Single,2,Yes,4,1,3,1,0,0.0,1
38.88,Sales,14.0,1880,2,Female,2,2,3,Married,6,Yes,3,10,3,10,9,1.5,0
33.48,Other,28.0,1881,2,Male,3,2,3,Divorced,4,No,3,10,3,10,8,0.0,0
36.72,Sales,5.6,1882,3,Male,3,3,4,Married,8,Yes,3,9,3,5,3,1.5,0
31.32,Other,9.8,1883,4,Male,3,1,1,Single,1,No,3,11,3,3,2,1.5,0
39.96,Other,9.8,1885,4,Male,3,2,1,Married,5,Yes,4,16,3,5,3,0.0,0
37.8,Other,22.4,1886,4,Female,2,2,2,Married,5,Yes,3,4,3,3,2,0.0,0
48.6,Other,35.0,1888,2,Female,2,2,4,Married,7,No,3,10,2,9,8,4.5,0
38.88,Human Resources,2.8,1890,2,Male,2,2,4,Single,4,No,4,10,2,10,1,0.0,0
43.2,Other,1.4,1892,1,Male,3,4,1,Divorced,10,No,3,22,3,19,7,16.5,0
28.08,Other,1.4,1893,2,Female,2,1,3,Married,3,Yes,3,1,2,1,0,1.5,0
29.16,Sales,2.8,1898,1,Female,4,2,3,Single,7,No,3,9,2,8,7,0.0,0
51.84,Other,30.8,1900,4,Female,3,4,4,Divorced,10,No,3,24,3,22,17,6.0,0
47.52,Other,1.4,1903,2,Male,4,2,1,Married,6,No,3,10,3,2,0,3.0,0
36.72,Other,22.4,1905,4,Male,1,1,1,Married,1,Yes,4,5,3,5,2,4.5,1
60.48,Other,33.6,1907,1,Male,3,1,4,Single,2,No,3,5,3,4,2,1.5,1
38.88,Sales,23.8,1908,3,Male,2,2,2,Married,6,No,3,12,1,4,2,1.5,0
44.28,Sales,11.2,1909,3,Female,3,2,2,Married,5,No,4,14,3,5,4,1.5,0
45.36,Other,8.4,1911,3,Male,3,3,1,Married,9,No,3,18,4,13,7,7.5,0
33.48,Sales,14.0,1912,3,Female,3,2,4,Divorced,7,Yes,3,8,3,5,2,1.5,0
36.72,Sales,4.2,1915,4,Female,2,2,4,Married,8,Yes,3,9,2,4,2,0.0,0
33.48,Other,5.6,1916,1,Female,4,1,3,Divorced,4,No,3,4,2,2,2,3.0,0
28.08,Other,8.4,1918,3,Male,4,1,4,Married,2,No,3,8,3,7,7,10.5,0
48.6,Other,1.4,1922,2,Male,3,2,3,Single,6,No,3,12,3,4,2,0.0,0
35.64,Sales,14.0,1924,2,Male,3,2,3,Single,6,No,3,10,2,10,4,0.0,0
30.24,Sales,1.4,1927,3,Male,2,2,4,Married,7,Yes,3,7,3,7,7,0.0,0
31.32,Sales,33.6,1928,3,Male,4,1,1,Single,1,No,3,1,3,1,0,0.0,1
42.12,Sales,29.4,1929,1,Female,1,2,3,Married,6,No,3,10,3,3,2,1.5,0
29.16,Other,2.8,1931,2,Male,3,1,2,Married,1,No,3,6,2,5,3,1.5,0
36.72,Other,30.8,1932,3,Male,2,2,4,Married,7,Yes,3,16,3,15,10,9.0,0
30.24,Sales,18.2,1933,4,Female,3,2,3,Single,8,Yes,3,6,3,2,0,3.0,1
50.76,Other,19.6,1934,3,Male,3,2,2,Married,6,No,3,16,4,8,7,1.5,0
60.48,Sales,15.4,1935,4,Female,2,2,1,Married,6,No,3,6,3,0,0,0.0,0
42.12,Other,12.6,1936,1,Male,3,2,1,Married,6,No,4,10,3,10,0,10.5,0
41.04,Other,11.2,1937,4,Female,2,2,2,Divorced,1,Yes,3,20,3,20,11,0.0,0
62.64,Sales,29.4,1938,4,Female,3,4,4,Married,10,Yes,3,29,2,1,0,0.0,0
34.56,Other,7.0,1939,1,Female,4,1,3,Single,2,Yes,3,8,3,4,1,0.0,1
41.04,Other,12.6,1940,2,Male,3,1,4,Divorced,5,No,3,10,4,5,2,0.0,0
52.92,Other,2.8,1941,2,Male,3,5,4,Married,10,No,3,28,3,5,4,6.0,0
45.36,Sales,16.8,1943,2,Male,3,2,4,Divorced,6,Yes,3,14,3,0,0,0.0,0
29.16,Human Resources,30.8,1944,1,Female,2,1,2,Married,3,No,3,1,3,1,0,0.0,1
37.8,Sales,25.2,1945,2,Male,3,2,1,Married,6,No,3,6,1,5,3,0.0,0
30.24,Other,22.4,1947,3,Male,3,1,3,Single,1,No,3,5,2,5,3,1.5,0
33.48,Other,4.2,1948,3,Male,3,1,1,Divorced,3,Yes,3,4,4,4,2,3.0,0
38.88,Other,12.6,1949,1,Male,4,1,2,Married,3,No,4,5,3,5,4,0.0,0
36.72,Sales,1.4,1950,1,Male,3,3,4,Single,9,No,4,14,2,14,8,3.0,0
36.72,Sales,18.2,1951,4,Male,3,3,3,Divorced,8,No,3,9,2,8,7,1.5,0
28.08,Other,1.4,1952,3,Male,3,1,1,Single,3,No,3,8,2,7,7,10.5,0
31.32,Other,1.4,1954,1,Male,3,2,1,Married,6,No,3,6,2,5,3,0.0,0
34.56,Other,21.0,1955,3,Female,3,2,4,Divorced,7,No,3,9,3,5,1,1.5,0
33.48,Other,1.4,1956,4,Male,1,2,1,Married,6,No,4,10,3,10,8,12.0,0
30.24,Other,23.8,1960,3,Male,2,1,4,Divorced,2,No,3,6,2,4,1,0.0,1
41.04,Sales,1.4,1961,1,Male,2,1,1,Single,3,No,3,20,2,1,0,0.0,0
37.8,Sales,9.8,1962,3,Female,3,2,4,Married,6,Yes,3,10,3,10,8,0.0,0
29.16,Sales,12.6,1965,4,Male,3,2,4,Single,4,No,3,7,3,7,7,0.0,0
34.56,Other,7.0,1966,4,Male,2,2,4,Single,8,No,4,8,3,1,0,0.0,0
33.48,Sales,36.4,1967,1,Male,3,2,4,Married,6,Yes,3,10,3,10,7,0.0,1
57.24,Sales,33.6,1968,1,Male,3,3,1,Single,9,Yes,3,15,2,2,2,3.0,1
58.32,Other,12.6,1969,1,Female,3,2,3,Married,3,No,3,9,2,4,3,3.0,0
35.64,Other,9.8,1970,4,Male,3,2,3,Divorced,7,No,4,9,3,9,7,3.0,0
46.44,Other,15.4,1971,1,Male,3,3,3,Married,8,No,3,10,3,10,9,0.0,0
41.04,Human Resources,1.4,1972,4,Male,3,1,2,Married,3,Yes,3,7,3,6,2,1.5,0
59.4,Human Resources,36.4,1973,3,Male,4,5,2,Married,10,Yes,3,35,3,10,9,1.5,0
33.48,Other,2.8,1974,4,Female,1,1,4,Divorced,1,Yes,3,1,3,1,0,0.0,0
42.12,Sales,21.0,1975,2,Male,3,4,1,Single,9,No,3,21,3,20,8,16.5,0
45.36,Other,32.2,1976,4,Male,2,2,3,Single,5,No,3,20,3,20,9,4.5,0
33.48,Other,14.0,1979,3,Female,3,3,3,Married,9,No,4,13,4,11,7,6.0,0
58.32,Other,14.0,1980,3,Female,3,2,1,Single,5,Yes,3,9,3,5,2,1.5,0
25.92,Other,1.4,1981,2,Male,2,2,3,Single,5,No,3,4,2,4,3,1.5,0
24.84,Other,16.8,1982,4,Male,3,1,4,Single,2,No,3,5,4,5,2,1.5,0
43.2,Other,15.4,1985,4,Female,3,2,3,Married,7,No,3,10,4,10,9,13.5,0
43.2,Sales,2.8,1986,2,Female,3,2,2,Married,6,No,3,15,3,11,8,7.5,0
27.0,Human Resources,2.8,1987,3,Female,3,1,2,Married,1,No,3,6,3,2,0,1.5,0
32.4,Other,1.4,1989,4,Male,3,1,2,Married,4,No,3,12,2,12,8,1.5,0
27.0,Other,2.8,1992,4,Male,3,1,3,Divorced,4,Yes,3,7,2,2,2,0.0,0
50.76,Other,35.0,1993,1,Male,3,3,3,Single,8,No,4,25,3,17,14,18.0,0
35.64,Other,1.4,1994,2,Male,2,1,3,Divorced,1,No,3,1,2,1,1,0.0,0
41.04,Sales,1.4,1995,4,Male,3,2,2,Married,5,No,3,16,3,15,13,7.5,0
33.48,Sales,2.8,1996,1,Male,3,1,3,Married,3,No,3,3,3,2,2,1.5,0
41.04,Other,8.4,1997,1,Male,2,2,3,Married,6,No,3,10,3,8,3,10.5,0
45.36,Other,25.2,1998,4,Male,3,2,1,Divorced,6,Yes,3,9,2,4,3,1.5,0
44.28,Other,1.4,1999,4,Male,3,1,4,Married,3,No,4,12,3,5,3,1.5,0
50.76,Other,1.4,2000,3,Female,3,3,2,Married,9,No,3,14,1,13,8,7.5,0
37.8,Other,15.4,2003,4,Male,3,1,3,Married,2,Yes,3,5,3,2,2,3.0,0
23.76,Other,1.4,2007,4,Male,3,1,3,Single,4,No,3,4,4,3,2,1.5,0
37.8,Other,12.6,2008,2,Male,3,2,3,Single,6,No,3,10,3,10,7,0.0,0
35.64,Other,21.0,2009,2,Female,3,2,4,Married,5,Yes,3,10,3,9,7,12.0,0
34.56,Other,40.6,2010,3,Female,2,1,2,Single,3,No,3,6,3,6,2,6.0,0
43.2,Other,1.4,2012,1,Male,3,1,4,Married,2,No,3,8,2,1,0,0.0,0
34.56,Sales,1.4,2013,2,Male,2,1,2,Married,1,No,3,3,3,2,2,3.0,0
42.12,Other,33.6,2014,1,Male,3,2,4,Single,4,No,3,18,3,7,7,1.5,0
41.04,Other,14.0,2015,2,Female,1,3,3,Married,9,No,3,20,3,18,16,1.5,0
34.56,Sales,1.4,2016,3,Female,3,3,4,Married,9,No,3,14,3,14,10,7.5,0
39.96,Other,14.0,2017,3,Female,4,3,4,Married,9,Yes,4,16,3,16,11,9.0,0
27.0,Sales,11.2,2018,1,Female,3,2,3,Divorced,5,Yes,4,6,2,5,3,0.0,0
56.16,Sales,40.6,2019,1,Male,3,1,4,Divorced,4,No,3,16,2,9,8,0.0,0
47.52,Other,1.4,2020,2,Male,3,1,4,Single,2,Yes,3,6,3,4,3,1.5,0
22.68,Sales,7.0,2021,3,Male,3,1,1,Single,2,Yes,3,2,3,2,2,1.5,0
42.12,Other,12.6,2022,4,Male,3,5,4,Single,10,No,3,21,2,6,0,1.5,0
24.84,Sales,12.6,2023,4,Male,3,1,1,Married,1,No,3,1,2,1,0,1.5,1
38.88,Sales,4.2,2024,1,Female,2,3,4,Married,8,No,3,10,3,9,7,4.5,0
38.88,Other,5.6,2025,4,Female,3,2,2,Divorced,6,No,3,18,3,4,2,0.0,0
60.48,Other,1.4,2026,3,Male,3,2,3,Divorced,7,No,4,13,2,13,12,1.5,0
31.32,Other,1.4,2027,1,Male,3,1,4,Married,5,Yes,3,4,4,2,2,3.0,1
45.36,Other,2.8,2031,1,Male,3,5,3,Married,10,No,3,24,2,22,6,6.0,0
60.48,Other,9.8,2032,4,Male,3,1,3,Married,2,No,3,14,1,10,9,13.5,1
44.28,Other,39.2,2034,1,Female,2,4,2,Married,9,No,4,21,3,20,7,0.0,0
36.72,Sales,39.2,2035,4,Female,2,2,3,Married,7,No,4,8,3,8,7,1.5,0
38.88,Sales,21.0,2036,4,Male,1,2,4,Divorced,6,No,4,15,2,15,12,16.5,0
44.28,Sales,4.2,2037,3,Male,2,2,2,Divorced,8,No,3,14,3,5,4,0.0,0
34.56,Other,2.8,2038,4,Male,3,1,1,Single,2,No,3,4,3,4,2,1.5,0
37.8,Human Resources,36.4,2040,3,Female,3,3,4,Single,8,Yes,3,9,3,9,0,1.5,0
41.04,Sales,14.0,2041,1,Female,3,2,4,Married,6,No,3,10,3,10,7,1.5,0
54.0,Sales,1.4,2044,2,Male,3,2,3,Divorced,7,No,3,12,3,6,3,0.0,1
38.88,Sales,15.4,2045,2,Female,2,2,4,Married,7,No,3,8,2,6,3,0.0,0
48.6,Sales,28.0,2046,4,Female,3,2,3,Single,5,No,3,8,3,5,3,0.0,0
43.2,Other,2.8,2048,3,Male,2,1,3,Single,3,No,3,8,3,2,2,3.0,0
37.8,Other,25.2,2049,3,Male,3,2,3,Married,6,Yes,3,10,4,10,2,0.0,0
43.2,Other,2.8,2051,3,Female,3,1,3,Married,1,No,3,20,3,5,3,0.0,0
37.8,Other,1.4,2052,3,Female,1,1,4,Married,3,No,3,4,3,4,3,1.5,0
31.32,Other,18.2,2053,4,Male,2,2,2,Married,4,Yes,3,10,3,4,3,0.0,0
31.32,Other,39.2,2054,4,Female,2,1,1,Single,4,No,3,5,1,5,4,0.0,0
54.0,Sales,39.2,2055,4,Male,2,3,1,Divorced,9,Yes,3,20,3,3,2,3.0,1
42.12,Sales,33.6,2056,2,Female,2,4,4,Married,9,No,3,21,2,20,9,13.5,0
33.48,Other,7.0,2057,2,Male,3,2,1,Single,9,No,3,10,3,9,4,1.5,0
28.08,Sales,7.0,2060,4,Female,2,1,3,Single,3,No,3,5,3,4,2,0.0,0
38.88,Other,32.2,2061,3,Male,4,2,4,Married,2,No,3,17,3,5,2,0.0,0
42.12,Other,8.4,2062,4,Male,2,3,1,Married,9,No,3,9,3,7,7,1.5,0
29.16,Other,5.6,2064,2,Male,4,2,2,Married,7,Yes,4,6,3,6,2,0.0,0
52.92,Sales,2.8,2065,4,Male,2,2,2,Married,6,No,3,17,2,9,6,0.0,0
36.72,Other,11.2,2068,2,Male,4,2,3,Married,5,No,3,6,4,4,3,1.5,0
